date,matches_day,matches_cum,jc_overround_day,eu_overround_day,jc_overround_cum,jc_sigma_cum
2026-07-05,8,8,1.129425,1.070130,1.129425,0.000281
2026-07-06,4,12,1.128825,1.062397,1.129225,0.000439
2026-07-07,5,17,1.129214,1.065579,1.129222,0.000488
2026-07-09,4,21,1.129374,1.072321,1.129251,0.000455
2026-07-10,2,23,1.129612,1.062058,1.129282,0.000446
2026-07-11,13,36,1.129143,1.074170,1.129232,0.000487
2026-07-12,13,49,1.129384,1.076085,1.129272,0.000468
2026-07-13,1,50,1.129476,1.074543,1.129276,0.000465
2026-07-14,3,53,1.129462,1.067001,1.129287,0.000458
2026-07-15,3,56,1.129712,1.066527,1.129310,0.000456
2026-07-16,9,65,1.129472,1.073093,1.129332,0.000444
2026-07-17,7,72,1.129113,1.070960,1.129311,0.000460
2026-07-18,15,87,1.129277,1.075980,1.129305,0.000460
2026-07-19,7,94,1.129040,1.073840,1.129285,0.000462
2026-07-20,4,98,1.129320,1.075843,1.129287,0.000454
2026-07-21,7,105,1.129317,1.076242,1.129289,0.000450
2026-07-22,9,114,1.128967,1.073085,1.129263,0.000480
2026-07-23,7,121,1.129407,1.074589,1.129272,0.000473
2026-07-24,2,123,1.129771,1.077853,1.129280,0.000474
2026-07-25,11,134,1.129186,1.075572,1.129272,0.000468
2026-07-26,18,152,1.129177,1.076453,1.129261,0.000492
2026-07-27,2,154,1.129496,1.072370,1.129264,0.000489
2026-07-28,2,156,1.129210,1.074648,1.129263,0.000486
2026-07-29,6,162,1.129171,1.070195,1.129260,0.000507
2026-07-30,5,167,1.129435,1.074138,1.129265,0.000508
2026-07-31,3,170,1.129118,1.072795,1.129262,0.000506
2026-08-01,16,186,1.129144,1.076231,1.129252,0.000526
2026-08-02,14,200,1.129071,1.078073,1.129240,0.000525
2026-08-03,4,204,1.129260,1.074955,1.129240,0.000522
2026-08-04,5,209,1.129459,1.071276,1.129245,0.000521
2026-08-05,3,212,1.129551,1.070509,1.129250,0.000519
2026-08-06,4,216,1.129463,1.077327,1.129253,0.000517
2026-08-07,10,226,1.129193,1.075436,1.129251,0.000525
2026-08-08,23,249,1.129212,1.074441,1.129247,0.000539
2026-08-09,22,271,1.129006,1.073056,1.129228,0.000537
2026-08-10,3,274,1.129274,1.069307,1.129228,0.000534
2026-08-11,10,284,1.129511,1.069440,1.129238,0.000528
2026-08-12,3,287,1.128698,1.063862,1.129233,0.000535
2026-08-13,10,297,1.128994,1.074462,1.129224,0.000536
2026-08-14,16,313,1.128992,1.074205,1.129213,0.000553
2026-08-15,26,339,1.128826,1.071442,1.129183,0.000572
2026-08-16,27,366,1.129152,1.070942,1.129181,0.000565
2026-08-17,5,371,1.128969,1.069442,1.129178,0.000567
2026-08-18,4,375,1.129323,1.064761,1.129179,0.000566
2026-08-19,8,383,1.129027,1.068033,1.129176,0.000568
2026-08-20,8,391,1.129050,1.067610,1.129174,0.000566
2026-08-21,10,401,1.129496,1.073372,1.129182,0.000565
2026-08-22,27,428,1.129189,1.064032,1.129182,0.000559
2026-08-23,27,455,1.129360,1.065550,1.129193,0.000550
2026-08-24,11,466,1.129253,1.065962,1.129194,0.000547
2026-08-25,9,475,1.129261,1.069327,1.129195,0.000545
2026-08-26,12,487,1.129133,1.067379,1.129194,0.000548
2026-08-27,9,496,1.129335,1.065087,1.129196,0.000546
2026-08-28,14,510,1.129277,1.064616,1.129199,0.000545
2026-08-29,28,538,1.128986,1.061374,1.129188,0.000551
2026-08-30,24,562,1.129079,1.063021,1.129183,0.000551
2026-08-31,10,572,1.128845,1.065842,1.129177,0.000559
2026-09-01,10,582,1.129084,1.066983,1.129175,0.000557
2026-09-02,12,594,1.129302,1.071053,1.129178,0.000555
2026-09-03,7,601,1.129271,1.068266,1.129179,0.000553
2026-09-04,13,614,1.129068,1.065486,1.129177,0.000556
2026-09-05,27,641,1.128863,1.062019,1.129164,0.000564
2026-09-06,24,665,1.129293,1.063136,1.129168,0.000560
2026-09-07,9,674,1.129133,1.065344,1.129168,0.000558
2026-09-08,12,686,1.129058,1.061511,1.129166,0.000556
2026-09-09,10,696,1.129388,1.065630,1.129169,0.000555
2026-09-10,5,701,1.129505,1.059120,1.129171,0.000554
2026-09-11,11,712,1.129153,1.066885,1.129171,0.000554
2026-09-12,29,741,1.129267,1.061184,1.129175,0.000552
2026-09-13,19,760,1.129323,1.063599,1.129179,0.000550
2026-09-14,9,769,1.129112,1.063328,1.129178,0.000549
2026-09-15,12,781,1.129098,1.072813,1.129177,0.000548
2026-09-16,13,794,1.129256,1.066361,1.129178,0.000546
2026-09-17,10,804,1.129372,1.062553,1.129180,0.000545
2026-09-18,13,817,1.128955,1.070117,1.129177,0.000562
2026-09-19,27,844,1.129055,1.061986,1.129173,0.000563
2026-09-20,29,873,1.129222,1.063130,1.129174,0.000564
2026-09-22,4,877,1.129327,1.092098,1.129175,0.000564
2026-09-23,2,879,1.129157,1.086172,1.129175,0.000564
2026-09-24,7,886,1.128900,1.063094,1.129173,0.000563
2026-09-25,11,897,1.129568,1.069950,1.129178,0.000562
2026-09-26,24,921,1.129299,1.076084,1.129181,0.000560
2026-09-27,9,930,1.129460,1.068724,1.129184,0.000559
