日期,场次,联赛,主队,客队,玩法,选项,赔率,是否中,盈亏,累计
2026-05-17,006,意甲,尤文图斯,佛罗伦萨,jc,主,1.18,0,-1.00,-1.00
2026-05-17,007,意甲,罗马,拉齐奥,jc,主,1.38,1,0.38,-0.62
2026-05-17,008,意甲,科莫,帕尔马,jc,主,1.13,1,0.13,-0.49
2026-05-17,009,英超,曼联,诺丁汉,jc,主,1.41,1,0.41,-0.08
2026-05-17,010,瑞超,哈马比,马尔默,jc,主,1.30,1,0.30,0.22
2026-05-17,030,法甲,里昂,朗斯,jc,主,1.50,0,-1.00,-0.78
2026-05-17,031,法甲,里尔,欧塞尔,jc,主,1.26,0,-1.00,-1.78
2026-05-17,033,西甲,巴萨,贝蒂斯,jc,主,1.22,1,0.22,-1.56
2026-05-19,001,英超,伯恩茅斯,曼城,jc,平,1.50,0,-1.00,-2.56
2026-05-19,003,解放者杯,弗鲁米嫩,玻利瓦尔,jc,主,1.16,1,0.16,-2.40
2026-05-19,005,解放者杯,时刻准备,米拉索尔,jc,平,1.40,1,0.40,-2.00
2026-05-20,002,挪超,斯达,博德闪耀,jc,平,1.15,1,0.15,-1.85
2026-05-20,003,芬兰超级联赛,库奥皮奥,雅罗,jc,主,1.30,1,0.30,-1.55
2026-05-20,005,挪超,利勒斯特,克里斯蒂,jc,主,1.29,0,-1.00,-2.55
2026-05-20,006,沙特职业联赛,赛哈特海湾,吉达国民,jc,平,1.34,1,0.34,-2.21
2026-05-20,009,解放者杯,弗拉门戈,拉普大学,jc,主,1.32,1,0.32,-1.89
2026-05-20,010,解放者杯,帕梅拉斯,波特诺,jc,主,1.17,0,-1.00,-2.89
2026-05-22,003,瑞超,佐加顿斯,布鲁马波,jc,主,1.30,0,-1.00,-3.89
2026-05-22,006,法国杯,朗斯,尼斯,jc,主,1.43,1,0.43,-3.46
2026-05-23,003,日职,柏太阳神,千叶市原,jc,主,1.47,1,0.47,-2.99
2026-05-23,005,芬兰超级联赛,国际图尔,TPS图尔,jc,主,1.38,1,0.38,-2.61
2026-05-23,010,芬兰超级联赛,库奥皮奥,拉赫蒂,jc,主,1.39,1,0.39,-2.22
2026-05-23,014,德国杯,拜仁,斯图加特,jc,主,1.25,1,0.25,-1.97
2026-05-23,018,西甲,马洛卡,奥维耶多,jc,主,1.30,1,0.30,-1.67
2026-05-23,020,西甲,皇马,毕尔巴鄂,jc,主,1.31,1,0.31,-1.36
2026-05-24,004,瑞超,哈马比,索尔纳,jc,主,1.30,0,-1.00,-2.36
2026-05-24,007,挪超,博德闪耀,布兰,jc,主,1.19,1,0.19,-2.17
2026-05-24,011,英超,曼城,维拉,jc,主,1.30,0,-1.00,-3.17
2026-05-24,018,意甲,那不勒斯,乌迪内斯,jc,主,1.33,1,0.33,-2.84
2026-05-24,019,挪超,克里斯蒂,维京,jc,平,1.35,1,0.35,-2.49
2026-05-24,021,意甲,维罗纳,罗马,jc,平,1.22,1,0.22,-2.27
2026-05-24,022,意甲,都灵,尤文图斯,jc,平,1.36,0,-1.00,-3.27
2026-05-24,023,意甲,克雷莫纳,科莫,jc,平,1.36,1,0.36,-2.91
2026-05-24,024,意甲,AC米兰,卡利亚里,jc,主,1.15,0,-1.00,-3.91
2026-05-24,026,美职足,迈阿密国际,费城,jc,主,1.27,1,0.27,-3.64
2026-05-25,003,挪超,特罗姆瑟,奥勒松,jc,主,1.31,0,-1.00,-4.64
2026-05-26,004,解放者杯,基多体大,时刻准备,jc,主,1.22,1,0.22,-4.42
2026-05-27,003,解放者杯,亚自由,委内瑞拉中央大学,jc,主,1.32,0,-1.00,-5.42
2026-05-28,001,国际赛,爱尔兰,卡塔尔,jc,主,1.40,1,0.40,-5.02
2026-05-28,004,解放者杯,帕梅拉斯,巴兰基亚,jc,主,1.14,1,0.14,-4.88
2026-05-28,005,解放者杯,博卡,天主大学,jc,主,1.36,0,-1.00,-5.88
2026-05-29,005,挪超,瓦勒伦加,克里斯蒂,jc,主,1.47,1,0.47,-5.41
2026-05-29,006,挪超,罗森博格,博德闪耀,jc,平,1.45,0,-1.00,-6.41
2026-05-30,004,国际赛,苏格兰,库拉索,jc,主,1.22,1,0.22,-6.19
2026-05-30,005,芬兰超级联赛,赫尔辛基,玛丽港,jc,主,1.11,1,0.11,-6.08
2026-05-30,007,瑞超,马尔默,哈尔姆斯,jc,主,1.33,1,0.33,-5.75
2026-05-30,009,挪超,莫尔德,桑纳菲,jc,主,1.44,1,0.44,-5.31
2026-05-31,003,国际赛,日本,冰岛,jc,主,1.12,1,0.12,-5.19
2026-05-31,008,芬兰超级联赛,AC奥卢,雅罗,jc,主,1.50,1,0.50,-4.69
2026-06-01,003,国际赛,土耳其,北马其顿,jc,主,1.15,1,0.15,-4.54
2026-06-01,004,国际赛,奥地利,突尼斯,jc,主,1.31,1,0.31,-4.23
2026-06-01,006,国际赛,加拿大,乌兹别克,jc,主,1.50,1,0.50,-3.73
2026-06-03,201,国际赛,丹麦,刚果(金),jc,主,1.37,0,-1.00,-4.73
2026-06-03,202,国际赛,荷兰,阿尔及利亚,jc,主,1.18,0,-1.00,-5.73
2026-06-03,204,国际赛,卢森堡,意大利,jc,平,1.30,1,0.30,-5.43
2026-06-04,201,国际赛,斯洛文尼,塞浦路斯,jc,主,1.31,0,-1.00,-6.43
2026-06-04,204,国际赛,法国,科特迪瓦,jc,主,1.16,0,-1.00,-7.43
2026-06-04,205,国际赛,墨西哥,塞尔维亚,jc,主,1.19,1,0.19,-7.24
2026-06-05,202,国际赛,斯洛伐克,黑山,jc,主,1.50,0,-1.00,-8.24
2026-06-05,203,国际赛,匈牙利,芬兰,jc,主,1.40,1,0.40,-7.84
2026-06-05,204,国际赛,加拿大,爱尔兰,jc,主,1.50,0,-1.00,-8.84
2026-06-06,207,国际赛,比利时,突尼斯,jc,主,1.23,1,0.23,-8.61
2026-06-06,208,国际赛,葡萄牙,智利,jc,主,1.12,1,0.12,-8.49
2026-06-06,211,国际赛,澳大利亚,瑞士,jc,平,1.48,0,-1.00,-9.49
2026-06-06,214,国际赛,玻利维亚,苏格兰,jc,平,1.29,1,0.29,-9.20
2026-06-06,215,国际赛,巴西,埃及,jc,主,1.20,1,0.20,-9.00
2026-06-06,216,国际赛,委内瑞拉,土耳其,jc,平,1.44,1,0.44,-8.56
2026-06-07,201,国际赛,克罗地亚,斯洛文尼,jc,主,1.30,1,0.30,-8.26
2026-06-07,204,国际赛,哥伦比亚,约旦,jc,主,1.12,1,0.12,-8.14
2026-06-08,201,国际赛,荷兰,乌兹别克,jc,主,1.14,1,0.14,-8.00
2026-06-09,202,国际赛,匈牙利,哈萨克,jc,主,1.19,1,0.19,-7.81
2026-06-10,201,国际赛,葡萄牙,尼日利亚,jc,主,1.18,1,0.18,-7.63
2026-06-11,001,世界杯,墨西哥,南非,jc,主,1.26,1,0.26,-7.37
2026-06-13,006,世界杯,巴西,摩洛哥,jc,主,1.50,0,-1.00,-8.37
2026-06-13,007,世界杯,海地,苏格兰,jc,平,1.33,1,0.33,-8.04
2026-06-13,008,世界杯,澳大利亚,土耳其,jc,平,1.46,0,-1.00,-9.04
2026-06-13,202,芬兰超级联赛,国际图尔,AC奥卢,jc,主,1.49,0,-1.00,-10.04
2026-06-13,203,芬兰超级联赛,雅罗,赫尔辛基,jc,平,1.45,1,0.45,-9.59
2026-06-15,014,世界杯,比利时,埃及,jc,主,1.43,0,-1.00,-10.59
2026-06-15,015,世界杯,沙特阿拉伯,乌拉圭,jc,平,1.32,0,-1.00,-11.59
2026-06-16,017,世界杯,法国,塞内加尔,jc,主,1.32,1,0.32,-11.27
2026-06-16,019,世界杯,阿根廷,阿尔及利亚,jc,主,1.29,1,0.29,-10.98
2026-06-16,020,世界杯,奥地利,约旦,jc,主,1.25,1,0.25,-10.73
2026-06-17,021,世界杯,葡萄牙,刚果(金),jc,主,1.13,0,-1.00,-11.73
2026-06-17,024,世界杯,乌兹别克,哥伦比亚,jc,平,1.22,1,0.22,-11.51
2026-06-17,202,芬兰超级联赛,坦佩雷山猫,雅罗,jc,主,1.46,1,0.46,-11.05
2026-06-18,026,世界杯,瑞士,波黑,jc,主,1.37,1,0.37,-10.68
2026-06-18,027,世界杯,加拿大,卡塔尔,jc,主,1.17,1,0.17,-10.51
2026-06-18,201,芬兰超级联赛,AC奥卢,玛丽港,jc,主,1.26,1,0.26,-10.25
2026-06-19,029,世界杯,美国,澳大利亚,jc,主,1.44,1,0.44,-9.81
2026-06-19,030,世界杯,苏格兰,摩洛哥,jc,平,1.49,1,0.49,-9.32
2026-06-20,034,世界杯,德国,科特迪瓦,jc,主,1.33,1,0.33,-8.99
2026-06-20,036,世界杯,突尼斯,日本,jc,平,1.29,1,0.29,-8.70
2026-06-21,038,世界杯,比利时,伊朗,jc,主,1.26,0,-1.00,-9.70
2026-06-21,039,世界杯,乌拉圭,佛得角,jc,主,1.28,0,-1.00,-10.70
2026-06-21,040,世界杯,新西兰,埃及,jc,平,1.42,1,0.42,-10.28
2026-06-22,041,世界杯,阿根廷,奥地利,jc,主,1.31,1,0.31,-9.97
2026-06-22,044,世界杯,约旦,阿尔及利亚,jc,平,1.34,1,0.34,-9.63
2026-06-23,047,世界杯,巴拿马,克罗地亚,jc,平,1.33,1,0.33,-9.30
2026-06-23,048,世界杯,哥伦比亚,刚果(金),jc,主,1.35,1,0.35,-8.95
2026-06-23,205,芬兰超级联赛,国际图尔,塞伊奈,jc,主,1.38,0,-1.00,-9.95
2026-06-23,206,芬兰超级联赛,玛丽港,赫尔辛基,jc,平,1.24,1,0.24,-9.71
2026-06-24,050,世界杯,波黑,卡塔尔,jc,主,1.26,1,0.26,-9.45
2026-06-24,051,世界杯,苏格兰,巴西,jc,平,1.19,1,0.19,-9.26
2026-06-24,053,世界杯,南非,韩国,jc,平,1.42,0,-1.00,-10.26
2026-06-25,055,世界杯,厄瓜多尔,德国,jc,平,1.41,0,-1.00,-11.26
2026-06-26,064,世界杯,乌拉圭,西班牙,jc,平,1.47,1,0.47,-10.79
2026-06-27,070,世界杯,刚果(金),乌兹别克,jc,主,1.45,1,0.45,-10.34
2026-06-27,203,芬兰超级联赛,玛丽港,国际图尔,jc,平,1.19,1,0.19,-10.15
2026-06-28,073,世界杯,南非,加拿大,jc,平,1.50,1,0.50,-9.65
2026-06-29,075,世界杯,德国,巴拉圭,jc,主,1.22,0,-1.00,-10.65
2026-06-30,078,世界杯,法国,瑞典,jc,主,1.16,1,0.16,-10.49
2026-07-01,080,世界杯,英格兰,刚果(金),jc,主,1.17,1,0.17,-10.32
2026-07-01,082,世界杯,美国,波黑,jc,主,1.22,1,0.22,-10.10
2026-07-02,083,世界杯,西班牙,奥地利,jc,主,1.18,1,0.18,-9.92
2026-07-03,088,世界杯,哥伦比亚,加纳,jc,主,1.30,1,0.30,-9.62
2026-07-03,201,瑞超,天狼星,米亚尔比,jc,主,1.45,0,-1.00,-10.62
2026-07-04,089,世界杯,加拿大,摩洛哥,jc,平,1.47,1,0.47,-10.15
2026-07-04,209,芬兰超级联赛,瓦萨,玛丽港,jc,主,1.18,1,0.18,-9.97
2026-07-05,202,K联赛,光州FC,蔚山现代,jc,平,1.36,0,-1.00,-10.97
2026-07-05,204,瑞典超,卡尔马,厄尔格里特,jc,主,1.25,1,0.25,-10.72
2026-07-05,204,瑞超,卡尔马,厄格里特,jc,主,1.25,1,0.25,-10.47
2026-07-07,095,世界杯,阿根廷,埃及,jc,主,1.20,1,0.20,-10.27
2026-07-07,201,欧冠,阿超沙巴巴库,新圣徒威超,jc,主,1.13,1,0.13,-10.14
2026-07-07,201,欧冠,萨巴赫,新圣徒,jc,主,1.13,1,0.13,-10.01
2026-07-07,202,欧冠,法超克拉克斯维克,比森卢甲,jc,主,1.28,1,0.28,-9.73
2026-07-07,202,欧冠,克拉克斯,比森阿泰尔,jc,主,1.28,1,0.28,-9.45
2026-07-08,201,欧冠,阿拉木图,苏捷斯卡,jc,主,1.07,1,0.07,-9.38
2026-07-09,097,世界杯,法国,摩洛哥,jc,主,1.42,1,0.42,-8.96
2026-07-09,202,欧联,保超索菲亚中央陆军,德里城爱超,jc,主,1.12,1,0.12,-8.84
2026-07-09,202,欧罗巴,索陆军,德里城,jc,主,1.12,1,0.12,-8.72
2026-07-09,203,欧联,克甲斯普利特海杜克,日利纳斯超,jc,主,1.26,1,0.26,-8.46
2026-07-09,203,欧罗巴,斯海杜克,日利纳,jc,主,1.26,1,0.26,-8.20
2026-07-10,098,世界杯,西班牙,比利时,jc,主,1.44,1,0.44,-7.76
2026-07-11,201,K联赛,光州FC,浦项制铁,jc,平,1.50,1,0.50,-7.26
2026-07-11,209,芬超,赫尔火花,玛丽港,jc,主,1.19,1,0.19,-7.07
2026-07-11,209,芬兰超级联赛,赫尔辛基火花,玛丽港,jc,主,1.19,1,0.19,-6.88
2026-07-11,210,瑞典超,厄尔格里特,赫根,jc,平,1.34,0,-1.00,-7.88
2026-07-11,210,瑞超,厄格里特,赫根,jc,平,1.34,0,-1.00,-8.88
2026-07-11,211,挪超,特罗姆瑟,瓦勒伦加,jc,主,1.50,1,0.50,-8.38
2026-07-12,205,瑞典超,哈马比,卡尔马,jc,主,1.27,1,0.27,-8.11
2026-07-12,207,挪超,KFUM奥斯陆,博德闪耀,jc,平,1.36,1,0.36,-7.75
2026-07-12,207,挪超,奥斯KFUM,博德闪耀,jc,平,1.36,1,0.36,-7.39
2026-07-12,209,瑞典超,布鲁马波卡纳,天狼星,jc,平,1.48,1,0.48,-6.91
2026-07-12,209,瑞超,布鲁马波,天狼星,jc,平,1.48,1,0.48,-6.43
2026-07-12,210,挪超,布兰,斯达,jc,主,1.30,1,0.30,-6.13
2026-07-12,211,挪超,罗森博格,克里斯蒂安松,jc,主,1.41,1,0.41,-5.72
2026-07-12,211,挪超,罗森博格,克里斯蒂,jc,主,1.41,1,0.41,-5.31
2026-07-12,213,挪超,萨普斯,维京,jc,平,1.42,0,-1.00,-6.31
2026-07-12,213,挪超,萨普斯堡,维京,jc,平,1.42,0,-1.00,-7.31
2026-07-13,201,瑞典超,佐加顿斯,哈尔姆斯塔德,jc,主,1.17,1,0.17,-7.14
2026-07-13,201,瑞超,佐加顿斯,哈尔姆斯,jc,主,1.17,1,0.17,-6.97
2026-07-14,201,欧冠,匈甲杰尔,维京人冰超,jc,主,1.44,0,-1.00,-7.97
2026-07-14,201,欧冠,杰尔,雷克雅未克维京人,jc,主,1.44,0,-1.00,-8.97
2026-07-14,202,欧冠,威超新圣徒,沙巴巴库阿超,jc,平,1.41,1,0.41,-8.56
2026-07-14,202,欧冠,新圣徒,萨巴赫,jc,平,1.41,1,0.41,-8.15
2026-07-15,202,欧冠,黑甲苏基斯卡,阿拉木图凯拉特哈超,jc,平,1.49,1,0.49,-7.66
2026-07-15,202,欧冠,苏捷斯卡,阿拉木图,jc,平,1.49,1,0.49,-7.17
2026-07-16,201,挪超,瓦勒伦加,奥勒松,jc,主,1.50,1,0.50,-6.67
2026-07-16,203,欧联,匈甲费伦茨,沃伊沃迪纳塞超,jc,主,1.25,1,0.25,-6.42
2026-07-16,203,欧罗巴,费伦茨,伏伊伏丁,jc,主,1.25,1,0.25,-6.17
2026-07-16,209,美职,圣路易斯市,堪萨斯城,jc,主,1.30,1,0.30,-5.87
2026-07-16,209,美职足,圣路易斯城,堪萨斯城,jc,主,1.30,1,0.30,-5.57
2026-07-16,210,美职,西雅图海湾人,波特兰伐木工,jc,主,1.34,0,-1.00,-6.57
2026-07-16,210,美职足,西雅图,波特兰,jc,主,1.34,0,-1.00,-7.57
2026-07-17,204,巴西甲,巴伊亚,沙佩科恩斯,jc,主,1.29,1,0.29,-7.28
2026-07-17,204,巴甲,巴伊亚,沙佩科,jc,主,1.29,1,0.29,-6.99
2026-07-17,207,美职,纳什维尔,亚特兰大联,jc,主,1.36,1,0.36,-6.63
2026-07-17,207,美职足,纳什维尔,亚特联,jc,主,1.36,1,0.36,-6.27
2026-07-18,208,挪超,利勒斯特,KFUM奥斯陆,jc,主,1.43,1,0.43,-5.84
2026-07-18,208,挪超,利勒斯特,奥斯KFUM,jc,主,1.43,1,0.43,-5.41
2026-07-18,214,挪超,维京,桑纳菲尤尔,jc,主,1.15,1,0.15,-5.26
2026-07-18,214,挪超,维京,桑纳菲,jc,主,1.15,1,0.15,-5.11
2026-07-19,201,K联赛,富川FC,首尔FC,jc,平,1.50,1,0.50,-4.61
2026-07-19,202,K联赛,安养FC,光州FC,jc,主,1.49,0,-1.00,-5.61
2026-07-19,204,瑞典超,哈尔姆斯塔德,赫根,jc,平,1.39,1,0.39,-5.22
2026-07-19,204,瑞超,哈尔姆斯,赫根,jc,平,1.39,1,0.39,-4.83
2026-07-19,205,瑞典超,哈马比,代格福什,jc,主,1.13,1,0.13,-4.70
2026-07-20,202,芬超,玛丽港,拉赫蒂,jc,平,1.36,1,0.36,-4.34
2026-07-20,203,瑞典超,厄尔格里特,佐加顿斯,jc,平,1.23,0,-1.00,-5.34
2026-07-20,203,瑞超,厄格里特,佐加顿斯,jc,平,1.23,0,-1.00,-6.34
2026-07-21,205,欧冠,阿超沙巴巴库,库普斯芬超,jc,主,1.42,1,0.42,-5.92
2026-07-21,205,欧冠,萨巴赫,库奥皮奥,jc,主,1.42,1,0.42,-5.50
2026-07-22,207,巴西甲,沙佩科恩斯,弗拉门戈,jc,平,1.29,1,0.29,-5.21
2026-07-22,207,巴甲,沙佩科,弗拉门戈,jc,平,1.29,1,0.29,-4.92
2026-07-22,209,美职,洛杉矶FC,皇家盐湖城,jc,主,1.48,1,0.48,-4.44
2026-07-22,209,美职足,洛杉矶FC,盐湖城,jc,主,1.48,1,0.48,-3.96
2026-07-23,201,巴西甲,科林蒂安,瑞模,jc,主,1.33,1,0.33,-3.63
2026-07-23,201,巴甲,科林蒂安,里莫,jc,主,1.33,1,0.33,-3.30
2026-07-23,204,欧联,瑞超圣加仑,本菲卡葡超,jc,平,1.23,0,-1.00,-4.30
2026-07-23,204,欧罗巴,圣加仑,本菲卡,jc,平,1.23,0,-1.00,-5.30
2026-07-23,206,欧联,荷甲特温特,费伦茨匈甲,jc,主,1.38,0,-1.00,-6.30
2026-07-23,206,欧罗巴,特温特,费伦茨,jc,主,1.38,0,-1.00,-7.30
2026-07-25,203,瑞典超,代格福什,佐加顿斯,jc,平,1.49,1,0.49,-6.81
2026-07-25,204,芬超,玛丽港,AC奥卢,jc,平,1.38,0,-1.00,-7.81
2026-07-25,209,巴西甲,桑托斯,沙佩科恩斯,jc,主,1.23,0,-1.00,-8.81
2026-07-25,209,巴甲,桑托斯,沙佩科,jc,主,1.23,0,-1.00,-9.81
2026-07-26,202,K联赛,仁川联,富川FC,jc,主,1.48,0,-1.00,-10.81
2026-07-26,205,瑞典超,布鲁马波卡纳,哈马比,jc,平,1.24,0,-1.00,-11.81
2026-07-26,205,瑞超,布鲁马波,哈马比,jc,平,1.24,0,-1.00,-12.81
2026-07-26,206,瑞典超,天狼星,哥德堡,jc,主,1.31,1,0.31,-12.50
2026-07-26,210,芬超,赫尔辛,TPS土尔库,jc,主,1.24,1,0.24,-12.26
2026-07-26,210,芬兰超级联赛,赫尔辛基,TPS图尔,jc,主,1.24,1,0.24,-12.02
2026-07-26,211,瑞典超,哥德堡盖斯,哈尔姆斯塔德,jc,主,1.34,0,-1.00,-13.02
2026-07-26,211,瑞超,盖斯,哈尔姆斯,jc,主,1.34,0,-1.00,-14.02
2026-07-26,213,挪超,萨普斯,汉坎,jc,主,1.47,1,0.47,-13.55
2026-07-26,213,挪超,萨普斯堡,汉坎,jc,主,1.47,1,0.47,-13.08
2026-07-26,215,挪超,桑纳菲尤尔,博德闪耀,jc,平,1.19,1,0.19,-12.89
2026-07-26,215,挪超,桑纳菲,博德闪耀,jc,平,1.19,1,0.19,-12.70
2026-07-26,216,挪超,奥勒松,维京,jc,平,1.33,0,-1.00,-13.70
2026-07-26,217,巴西甲,弗拉门戈,圣保罗,jc,主,1.32,0,-1.00,-14.70
2026-07-27,202,挪超,罗森博格,腓特烈斯塔,jc,主,1.37,1,0.37,-14.33
2026-07-27,202,挪超,罗森博格,腓特烈,jc,主,1.37,1,0.37,-13.96
2026-07-29,003,巴西甲,迈拉索尔,瑞模,jc,主,1.50,1,0.50,-13.46
2026-07-29,003,巴甲,米拉索尔,里莫,jc,主,1.50,1,0.50,-12.96
2026-07-31,002,挪超,博德闪耀,利勒斯特,jc,主,1.15,1,0.15,-12.81
2026-07-31,003,美职,纽约城,多伦多FC,jc,主,1.45,0,-1.00,-13.81
2026-07-31,003,美职足,纽约城,多伦多,jc,主,1.45,0,-1.00,-14.81
2026-08-01,001,K联赛,江原FC,富川FC,jc,主,1.44,0,-1.00,-15.81
2026-08-01,004,芬超,TPS土尔库,玛丽港,jc,主,1.39,1,0.39,-15.42
2026-08-01,004,芬兰超级联赛,TPS图尔,玛丽港,jc,主,1.39,1,0.39,-15.03
2026-08-01,007,芬超,拉赫蒂,雅罗,jc,主,1.39,1,0.39,-14.64
2026-08-01,008,挪超,斯达,维京,jc,平,1.36,1,0.36,-14.28
2026-08-01,010,美职,迈阿密国际,哥伦布机员,jc,主,1.38,0,-1.00,-15.28
2026-08-01,010,美职足,迈阿密国际,哥伦布,jc,主,1.38,0,-1.00,-16.28
2026-08-01,012,巴西杯,巴甲桑托斯,瑞模巴甲,jc,主,1.42,0,-1.00,-17.28
2026-08-01,012,巴西杯,桑托斯,里莫,jc,主,1.42,0,-1.00,-18.28
2026-08-01,013,美职,芝加哥火焰,夏洛特FC,jc,主,1.37,1,0.37,-17.91
2026-08-01,013,美职足,芝加哥,夏洛特FC,jc,主,1.37,1,0.37,-17.54
2026-08-02,003,K联赛,大田市民,光州FC,jc,主,1.44,1,0.44,-17.10
2026-08-02,008,瑞典超,索尔纳,厄尔格里特,jc,主,1.40,0,-1.00,-18.10
2026-08-02,008,瑞超,索尔纳,厄格里特,jc,主,1.40,0,-1.00,-19.10
2026-08-02,010,挪超,莫尔德,萨普斯,jc,主,1.45,0,-1.00,-20.10
2026-08-02,010,挪超,莫尔德,萨普斯堡,jc,主,1.45,0,-1.00,-21.10
2026-08-03,002,瑞典超,哈尔姆斯塔德,天狼星,jc,平,1.25,1,0.25,-20.85
2026-08-03,002,瑞超,哈尔姆斯,天狼星,jc,平,1.25,1,0.25,-20.60
2026-08-03,003,瑞典超,佐加顿斯,韦斯特罗斯,jc,主,1.38,1,0.38,-20.22
2026-08-04,003,欧冠,希超奥林匹亚科斯,奈梅亨荷甲,jc,主,1.40,0,-1.00,-21.22
2026-08-04,003,欧冠,奥林匹亚,奈梅亨,jc,主,1.40,0,-1.00,-22.22
2026-08-05,003,欧冠,土超费内巴切,格拉茨风暴奥甲,jc,主,1.25,1,0.25,-21.97
2026-08-05,003,欧冠,费内巴切,格风暴,jc,主,1.25,1,0.25,-21.72
2026-08-06,004,欧联,希超塞萨洛尼基,安德莱赫特比甲,jc,主,1.46,0,-1.00,-22.72
2026-08-06,004,欧罗巴,塞萨洛,安德莱,jc,主,1.46,0,-1.00,-23.72
2026-08-07,006,荷乙,[-]奥斯,布雷达[-],jc,平,1.48,1,0.48,-23.24
2026-08-07,006,荷乙,奥斯,布雷达,jc,平,1.48,1,0.48,-22.76
2026-08-07,009,英联杯,英冠米堡,雷克斯汉姆英冠,jc,主,1.50,1,0.50,-22.26
2026-08-07,009,英联赛杯,米堡,雷克斯,jc,主,1.50,1,0.50,-21.76
2026-08-08,006,挪超,瓦勒伦加,博德闪耀,jc,平,1.38,1,0.38,-21.38
2026-08-08,009,英联杯,英超西汉姆,朴次茅斯英冠,jc,主,1.26,1,0.26,-21.12
2026-08-08,009,英联赛杯,西汉姆联,朴次茅斯,jc,主,1.26,1,0.26,-20.86
2026-08-08,011,挪超,维京,萨普斯,jc,主,1.27,1,0.27,-20.59
2026-08-08,011,挪超,维京,萨普斯堡,jc,主,1.27,1,0.27,-20.32
2026-08-08,012,荷甲,[-]奈梅亨,特尔斯达[-],jc,主,1.35,0,-1.00,-21.32
2026-08-08,012,荷甲,奈梅亨,特尔斯达,jc,主,1.35,0,-1.00,-22.32
2026-08-08,016,荷甲,[-]前进之鹰,威廉二[-],jc,主,1.39,1,0.39,-21.93
2026-08-08,016,荷甲,前进之鹰,威廉二世,jc,主,1.39,1,0.39,-21.54
2026-08-08,022,荷甲,[-]阿尔克马,海牙[-],jc,主,1.28,1,0.28,-21.26
2026-08-08,022,荷甲,阿尔克马,海牙,jc,主,1.28,1,0.28,-20.98
2026-08-09,004,荷甲,[-]鹿特丹,费耶诺德[-],jc,平,1.47,1,0.47,-20.51
2026-08-09,004,荷甲,鹿斯巴达,费耶诺德,jc,平,1.47,1,0.47,-20.04
2026-08-09,005,德乙,[-]圣保利,菲尔特[-],jc,主,1.50,0,-1.00,-21.04
2026-08-09,005,德乙,圣保利,菲尔特,jc,主,1.50,0,-1.00,-22.04
2026-08-09,007,瑞典超,哈马比,赫根,jc,主,1.46,1,0.46,-21.58
2026-08-09,008,芬超,库普斯,TPS土尔库,jc,主,1.40,0,-1.00,-22.58
2026-08-09,008,芬兰超级联赛,库奥皮奥,TPS图尔,jc,主,1.40,0,-1.00,-23.58
2026-08-09,009,荷甲,[-]兹沃勒,阿贾克斯[-],jc,平,1.34,1,0.34,-23.24
2026-08-09,009,荷甲,兹沃勒,阿贾克斯,jc,平,1.34,1,0.34,-22.90
2026-08-09,013,瑞典超,哈尔姆斯塔德,哥德堡盖斯,jc,平,1.47,1,0.47,-22.43
2026-08-09,013,瑞超,哈尔姆斯,盖斯,jc,平,1.47,1,0.47,-21.96
2026-08-09,022,葡超,[-]摩雷伦斯,布拉加[-],jc,平,1.48,0,-1.00,-22.96
2026-08-09,022,葡超,摩雷伦斯,布拉加,jc,平,1.48,0,-1.00,-23.96
2026-08-09,024,巴西甲,弗拉门戈,维多利亚,jc,主,1.15,1,0.15,-23.81
2026-08-10,001,瑞典超,天狼星,布鲁马波卡纳,jc,主,1.20,0,-1.00,-24.81
2026-08-10,001,瑞超,天狼星,布鲁马波,jc,主,1.20,0,-1.00,-25.81
2026-08-11,003,欧冠,挪超博德闪耀,圣吉罗斯比甲,jc,主,1.48,0,-1.00,-26.81
2026-08-11,003,欧冠,博德闪耀,圣吉联合,jc,主,1.48,0,-1.00,-27.81
2026-08-11,006,欧冠,斯甲采列,亚美尼亚亚拉腊亚超,jc,主,1.31,1,0.31,-27.50
2026-08-11,006,欧冠,采列,亚拉腊,jc,主,1.31,1,0.31,-27.19
2026-08-11,009,欧冠,法甲里昂,布斯巴达捷甲,jc,主,1.27,1,0.27,-26.92
2026-08-11,009,欧冠,里昂,布斯巴达,jc,主,1.27,1,0.27,-26.65
2026-08-12,003,解放者杯,巴甲帕尔梅拉斯,波特诺山丘巴甲,jc,主,1.22,0,-1.00,-27.65
2026-08-12,003,解放者杯,帕梅拉斯,波特诺,jc,主,1.22,0,-1.00,-28.65
2026-08-13,002,欧联,罗甲克拉约瓦,库普斯芬超,jc,主,1.33,1,0.33,-28.32
2026-08-13,002,欧罗巴,克拉约瓦,库奥皮奥,jc,主,1.33,1,0.33,-27.99
2026-08-13,005,沙特联,[-]利雅青年,胡巴卡德[-],jc,平,1.46,1,0.46,-27.53
2026-08-13,005,沙特职业联赛,利雅得青年,胡巴尔卡德西亚,jc,平,1.46,1,0.46,-27.07
2026-08-13,006,欧联,苏超流浪者,比亚韦波甲,jc,主,1.39,0,-1.00,-28.07
2026-08-13,006,欧罗巴,流浪者,比亚韦,jc,主,1.39,0,-1.00,-29.07
2026-08-13,008,欧联,苏超哈茨,本菲卡葡超,jc,平,1.35,0,-1.00,-30.07
2026-08-13,008,欧罗巴,哈茨,本菲卡,jc,平,1.35,0,-1.00,-31.07
2026-08-13,009,解放者杯,巴甲迈拉索尔,基多大学厄甲,jc,主,1.50,0,-1.00,-32.07
2026-08-13,009,解放者杯,米拉索尔,基多体大,jc,主,1.50,0,-1.00,-33.07
2026-08-14,012,荷乙,赫拉克勒斯,登博思,jc,主,1.46,1,0.46,-32.61
2026-08-14,012,荷乙,赫拉克勒,登博思,jc,主,1.46,1,0.46,-32.15
2026-08-14,015,法乙,圣埃蒂安,克莱蒙,jc,主,1.33,1,0.33,-31.82
2026-08-14,016,英冠,[-]狼队,布莱克本[-],jc,主,1.38,0,-1.00,-32.82
2026-08-14,016,英冠,伍尔弗汉普顿,布莱克本,jc,主,1.38,0,-1.00,-33.82
2026-08-14,017,葡超,里斯本,吉马良斯,jc,主,1.19,1,0.19,-33.63
2026-08-15,012,荷甲,威廉二,奈梅亨,jc,平,1.48,1,0.48,-33.15
2026-08-15,014,芬超,玛丽港,塞伊奈,jc,平,1.43,0,-1.00,-34.15
2026-08-15,020,沙特联,[-]吉达联合,拉斯永恒[-],jc,主,1.36,0,-1.00,-35.15
2026-08-15,020,沙特职业联赛,吉达联合,拉斯永恒,jc,主,1.36,0,-1.00,-36.15
2026-08-15,022,荷甲,SBV精英,埃因霍温,jc,平,1.34,1,0.34,-35.81
2026-08-15,025,葡超,里奥阿维,波尔图,jc,平,1.25,1,0.25,-35.56
2026-08-16,007,瑞典超,佐加顿斯,索尔纳,jc,主,1.31,0,-1.00,-36.56
2026-08-16,008,荷甲,特温特,兹沃勒,jc,主,1.16,1,0.16,-36.40
2026-08-16,009,荷甲,费耶诺德,前进之鹰,jc,主,1.15,0,-1.00,-37.40
2026-08-16,014,瑞典超,卡尔马,哈马比,jc,平,1.47,1,0.47,-36.93
2026-08-16,016,荷甲,阿贾克斯,海伦芬,jc,主,1.33,0,-1.00,-37.93
2026-08-16,020,挪超,布兰,汉坎,jc,主,1.38,1,0.38,-37.55
2026-08-17,002,瑞典超,赫根,哈尔姆斯塔德,jc,主,1.22,1,0.22,-37.33
2026-08-17,002,瑞超,赫根,哈尔姆斯,jc,主,1.22,1,0.22,-37.11
2026-08-17,006,巴西甲,巴西国际,瑞模,jc,主,1.41,0,-1.00,-38.11
2026-08-17,006,巴甲,巴西国际,里莫,jc,主,1.41,0,-1.00,-39.11
2026-08-19,002,西甲,[-]马竞,马拉加[-],jc,主,1.22,1,0.22,-38.89
2026-08-19,002,西甲,马竞,马拉加,jc,主,1.22,1,0.22,-38.67
2026-08-20,001,沙特联,迈季宽广,利雅新月,jc,平,1.15,1,0.15,-38.52
2026-08-20,001,沙特职业联赛,迈季迈阿宽广,利雅得新月,jc,平,1.15,1,0.15,-38.37
2026-08-20,006,欧联,土超特拉布宗,费伦茨匈甲,jc,主,1.50,0,-1.00,-39.37
2026-08-20,006,欧罗巴,特拉布宗,费伦茨,jc,主,1.50,0,-1.00,-40.37
2026-08-20,007,欧联,波甲波兹南,图恩瑞超,jc,主,1.32,1,0.32,-40.05
2026-08-20,007,欧罗巴,波兹南,图恩,jc,主,1.32,1,0.32,-39.73
2026-08-21,001,J联赛,柏太阳神,长崎航海,jc,主,1.34,1,0.34,-39.39
2026-08-21,002,J联赛,东京FC,千叶市原,jc,主,1.42,1,0.42,-38.97
2026-08-21,003,沙特联,利雅得,利雅得胜利,jc,平,1.16,1,0.16,-38.81
2026-08-21,006,沙特联,胡巴卡德,吉达联合,jc,主,1.33,0,-1.00,-39.81
2026-08-21,006,沙特职业联赛,胡巴尔卡德西亚,吉达联合,jc,主,1.33,0,-1.00,-40.81
2026-08-22,007,英超,[-]赫尔城,曼联[-],jc,平,1.21,0,-1.00,-41.81
2026-08-22,007,英超,赫尔城,曼联,jc,平,1.21,0,-1.00,-42.81
2026-08-22,014,荷甲,福图纳,阿尔克马,jc,平,1.43,1,0.43,-42.38
2026-08-22,017,法甲,[-]朗斯,欧塞尔[-],jc,主,1.35,1,0.35,-42.03
2026-08-22,017,法甲,朗斯,欧塞尔,jc,主,1.35,1,0.35,-41.68
2026-08-22,022,德超杯,德甲多特蒙德,拜仁德甲,jc,平,1.49,1,0.49,-41.19
2026-08-22,022,德超杯,多特蒙德,拜仁,jc,平,1.49,1,0.49,-40.70
2026-08-22,027,西甲,西班牙人,皇马[-],jc,平,1.28,1,0.28,-40.42
2026-08-22,027,西甲,西班牙人,皇马,jc,平,1.28,1,0.28,-40.14
2026-08-22,028,美职,温哥华白帽,达拉斯FC,jc,主,1.39,1,0.39,-39.75
2026-08-22,028,美职足,温哥华,达拉斯,jc,主,1.39,1,0.39,-39.36
2026-08-23,007,芬超,赫尔辛,赫尔火花,jc,主,1.47,0,-1.00,-40.36
2026-08-23,007,芬兰超级联赛,赫尔辛基,赫尔辛基火花,jc,主,1.47,0,-1.00,-41.36
2026-08-23,008,荷甲,埃因霍温,格罗宁根,jc,主,1.20,1,0.20,-41.16
2026-08-23,009,英超,[-]曼城,伯恩茅斯[-],jc,主,1.36,1,0.36,-40.80
2026-08-23,009,英超,曼城,伯恩茅斯,jc,主,1.36,1,0.36,-40.44
2026-08-23,013,瑞典超,哈马比,哥德堡盖斯,jc,主,1.27,1,0.27,-40.17
2026-08-23,013,瑞超,哈马比,盖斯,jc,主,1.27,1,0.27,-39.90
2026-08-23,014,荷甲,坎布尔,费耶诺德,jc,平,1.11,1,0.11,-39.79
2026-08-23,018,意甲,[-]弗洛西诺内,尤文[-],jc,平,1.29,1,0.29,-39.50
2026-08-23,018,意甲,弗洛西诺,尤文图斯,jc,平,1.29,1,0.29,-39.21
2026-08-23,023,意甲,[-]亚特兰大,萨索洛[-],jc,主,1.41,1,0.41,-38.80
2026-08-23,023,意甲,亚特兰大,萨索洛,jc,主,1.41,1,0.41,-38.39
2026-08-23,024,西甲,埃尔切,巴萨[-],jc,平,1.20,1,0.20,-38.19
2026-08-23,024,西甲,埃尔切,巴萨,jc,平,1.20,1,0.20,-37.99
2026-08-23,025,葡超,波尔图,阿罗卡,jc,主,1.15,1,0.15,-37.84
2026-08-24,002,沙特联,新未来城,胡巴卡德,jc,平,1.42,1,0.42,-37.42
2026-08-24,002,沙特职业联赛,新未来SC,胡巴尔卡德西亚,jc,平,1.42,1,0.42,-37.00
2026-08-24,005,沙特联,吉达联合,拉斯决心,jc,主,1.35,1,0.35,-36.65
2026-08-25,003,沙特联,达曼协定,利雅得胜利,jc,平,1.15,1,0.15,-36.50
2026-08-25,006,欧冠,挪超博德闪耀,奈梅亨荷甲,jc,主,1.37,1,0.37,-36.13
2026-08-25,006,欧冠,博德闪耀,奈梅亨,jc,主,1.37,1,0.37,-35.76
2026-08-26,003,英联杯,英超热刺,查尔顿英冠,jc,主,1.12,1,0.12,-35.64
2026-08-26,003,英联赛杯,热刺,查尔顿,jc,主,1.12,1,0.12,-35.52
2026-08-26,004,英联杯,英超纽卡斯尔,西布朗英冠,jc,主,1.23,1,0.23,-35.29
2026-08-26,004,英联赛杯,纽卡斯尔,西布罗姆,jc,主,1.23,1,0.23,-35.06
2026-08-26,005,欧冠,希超雅典AEK,索菲亚列夫斯基保超,jc,主,1.34,1,0.34,-34.72
2026-08-26,005,欧冠,雅典AEK,索列夫,jc,主,1.34,1,0.34,-34.38
2026-08-26,009,英联杯,英冠普雷斯顿,埃弗顿英超,jc,平,1.36,1,0.36,-34.02
2026-08-26,009,英联赛杯,普雷斯顿,埃弗顿,jc,平,1.36,1,0.36,-33.66
2026-08-26,010,西甲,皇马,皇家社会,jc,主,1.14,1,0.14,-33.52
2026-08-26,011,巴西杯,巴甲帕尔梅拉斯,桑托斯巴甲,jc,主,1.46,1,0.46,-33.06
2026-08-26,011,巴西杯,帕梅拉斯,桑托斯,jc,主,1.46,1,0.46,-32.60
2026-08-26,012,巴西杯,巴甲瓦斯科达伽马,维多利亚巴甲,jc,主,1.50,1,0.50,-32.10
2026-08-26,012,巴西杯,达伽马,维多利亚,jc,主,1.50,1,0.50,-31.60
2026-08-27,003,欧联,奥甲萨尔茨堡,米亚尔比瑞超,jc,主,1.17,1,0.17,-31.43
2026-08-27,003,欧罗巴,萨尔茨堡,米亚尔比,jc,主,1.17,1,0.17,-31.26
2026-08-27,004,欧联,丹超奥胡斯,本菲卡葡超,jc,平,1.28,1,0.28,-30.98
2026-08-27,004,欧罗巴,奥胡斯,本菲卡,jc,平,1.28,1,0.28,-30.70
2026-08-27,006,欧联,比甲安德莱赫特,阿拉木图凯拉特哈超,jc,主,1.26,1,0.26,-30.44
2026-08-27,006,欧罗巴,安德莱,阿拉木图,jc,主,1.26,1,0.26,-30.18
2026-08-27,008,西甲,巴萨,毕尔巴鄂,jc,主,1.11,1,0.11,-30.07
2026-08-28,004,沙特联,赛哈海湾,利雅新月,jc,平,1.14,1,0.14,-29.93
2026-08-28,004,沙特职业联赛,赛哈特海湾,利雅得新月,jc,平,1.14,1,0.14,-29.79
2026-08-28,006,荷甲,格罗宁根,福图纳,jc,主,1.35,0,-1.00,-30.79
2026-08-28,008,德甲,[-]拜仁,斯图加特[-],jc,主,1.12,1,0.12,-30.67
2026-08-28,008,德甲,拜仁,斯图加特,jc,主,1.12,1,0.12,-30.55
2026-08-28,009,意甲,AC米兰,威尼斯,jc,主,1.32,1,0.32,-30.23
2026-08-28,013,葡超,里奥阿维,里斯本,jc,平,1.20,1,0.20,-30.03
2026-08-29,006,英超,利物浦,诺丁汉森林,jc,主,1.35,0,-1.00,-31.03
2026-08-29,006,英超,利物浦,诺丁汉,jc,主,1.35,0,-1.00,-32.03
2026-08-29,008,瑞典超,埃尔夫斯堡,代格福什,jc,主,1.44,1,0.44,-31.59
2026-08-29,008,瑞超,埃夫斯堡,代格福什,jc,主,1.44,1,0.44,-31.15
2026-08-29,009,德甲,[-]艾禾斯堡,勒沃库森[-],jc,平,1.45,0,-1.00,-32.15
2026-08-29,009,德甲,埃沃斯堡,勒沃库森,jc,平,1.45,0,-1.00,-33.15
2026-08-29,010,德甲,[-]莱比锡,门兴[-],jc,主,1.41,1,0.41,-32.74
2026-08-29,010,德甲,莱红牛,门兴,jc,主,1.41,1,0.41,-32.33
2026-08-29,013,德甲,[-]美因茨,帕德博恩[-],jc,主,1.37,0,-1.00,-33.33
2026-08-29,013,德甲,美因茨,帕德博恩,jc,主,1.37,0,-1.00,-34.33
2026-08-29,018,挪超,维京,奥勒松,jc,主,1.16,1,0.16,-34.17
2026-08-29,020,德甲,[-]多特蒙德,汉堡[-],jc,主,1.24,1,0.24,-33.93
2026-08-29,020,德甲,多特蒙德,汉堡,jc,主,1.24,1,0.24,-33.69
2026-08-29,024,荷甲,阿尔克马,前进之鹰,jc,主,1.22,1,0.22,-33.47
2026-08-29,026,葡超,维塞乌,波尔图,jc,平,1.16,1,0.16,-33.31
2026-08-29,027,意甲,尤文,帕尔马,jc,主,1.11,1,0.11,-33.20
2026-08-29,027,意甲,尤文图斯,帕尔马,jc,主,1.11,1,0.11,-33.09
2026-08-30,001,荷甲,乌德勒支,埃因霍温,jc,平,1.35,1,0.35,-32.74
2026-08-30,005,瑞典超,索尔纳,哈马比,jc,平,1.27,0,-1.00,-33.74
2026-08-30,007,挪超,博德闪耀,罗森博格,jc,主,1.20,1,0.20,-33.54
2026-08-30,012,荷甲,特尔斯达,阿贾克斯,jc,平,1.40,1,0.40,-33.14
2026-08-30,014,英超,曼联,伊普斯,jc,主,1.26,1,0.26,-32.88
2026-08-30,018,挪超,维京,奥勒松,jc,主,1.16,1,0.16,-32.72
2026-08-30,018,荷甲,坎布尔,特温特,jc,平,1.20,1,0.20,-32.52
2026-08-30,020,意甲,卡利亚里,国际米兰,jc,平,1.26,1,0.26,-32.26
2026-08-30,022,巴西甲,弗拉门戈,博塔弗戈,jc,主,1.22,1,0.22,-32.04
2026-08-31,003,意甲,莱切,罗马,jc,平,1.34,1,0.34,-31.70
2026-08-31,004,瑞典超,佐加顿斯,米亚尔比,jc,主,1.35,1,0.35,-31.35
2026-08-31,008,法乙,第戎,圣埃蒂安,jc,平,1.49,1,0.49,-30.86
2026-08-31,009,英超,维拉,阿森纳,jc,平,1.38,1,0.38,-30.48
2026-09-01,001,沙特联,利雅新月,吉达国民,jc,主,1.35,1,0.35,-30.13
2026-09-01,001,沙特职业联赛,利雅得新月,吉达国民,jc,主,1.35,1,0.35,-29.78
2026-09-01,007,英冠,谢菲联,博尔顿,jc,主,1.46,1,0.46,-29.32
2026-09-02,012,巴西甲,弗拉门戈,迈拉索尔,jc,主,1.10,1,0.10,-29.22
2026-09-02,012,巴甲,弗拉门戈,米拉索尔,jc,主,1.10,1,0.10,-29.12
2026-09-03,002,沙特联,新未来城,赛哈海湾,jc,主,1.50,1,0.50,-28.62
2026-09-03,002,沙特职业联赛,新未来SC,赛哈特海湾,jc,主,1.50,1,0.50,-28.12
2026-09-03,004,沙特联,迪里耶,胡巴卡德,jc,平,1.31,1,0.31,-27.81
2026-09-03,004,沙特职业联赛,迪里耶,胡巴尔卡德西亚,jc,平,1.31,1,0.31,-27.50
2026-09-04,001,德乙,汉诺威,卡尔斯鲁厄,jc,主,1.35,0,-1.00,-28.50
2026-09-04,001,德乙,汉诺威96,卡斯鲁厄,jc,主,1.35,0,-1.00,-29.50
2026-09-04,002,法甲,里昂,欧塞尔,jc,主,1.26,1,0.26,-29.24
2026-09-04,003,挪超,腓特烈斯塔,博德闪耀,jc,平,1.19,1,0.19,-29.05
2026-09-04,003,挪超,腓特烈,博德闪耀,jc,平,1.19,1,0.19,-28.86
2026-09-04,004,沙特联,利雅青年,利雅新月,jc,平,1.17,1,0.17,-28.69
2026-09-04,004,沙特职业联赛,利雅得青年,利雅得新月,jc,平,1.17,1,0.17,-28.52
2026-09-04,008,德甲,斯图加特,科隆,jc,主,1.35,1,0.35,-28.17
2026-09-04,010,英超,伊普斯,利物浦,jc,平,1.38,1,0.38,-27.79
2026-09-04,011,西甲,贝蒂斯,皇马,jc,平,1.30,0,-1.00,-28.79
2026-09-04,012,法甲,巴黎圣曼,摩纳哥,jc,主,1.21,0,-1.00,-29.79
2026-09-05,011,德甲,勒沃库森,柏林联合,jc,主,1.21,1,0.21,-29.58
2026-09-05,014,英超,布伦特,桑德兰,jc,主,1.50,0,-1.00,-30.58
2026-09-05,017,法甲,朗斯,洛里昂,jc,主,1.36,0,-1.00,-31.58
2026-09-05,018,意甲,国际米兰,那不勒斯,jc,主,1.49,1,0.49,-31.09
2026-09-05,023,葡超,马里迪莫,本菲卡,jc,平,1.10,1,0.10,-30.99
2026-09-05,024,沙特联,吉达联合,利雅得胜利,jc,平,1.35,0,-1.00,-31.99
2026-09-05,028,西甲,比利亚雷,拉科,jc,主,1.31,0,-1.00,-32.99
2026-09-06,004,K联赛,金泉尚武,光州FC,jc,主,1.40,0,-1.00,-33.99
2026-09-06,005,J联赛,东京FC,京都不死鸟,jc,主,1.39,1,0.39,-33.60
2026-09-06,005,日职,东京FC,京都,jc,主,1.39,1,0.39,-33.21
2026-09-06,013,西甲,巴伦西亚,巴萨,jc,平,1.13,1,0.13,-33.08
2026-09-06,015,挪超,莫尔德,KFUM奥斯陆,jc,主,1.18,1,0.18,-32.90
2026-09-06,015,挪超,莫尔德,奥斯KFUM,jc,主,1.18,1,0.18,-32.72
2026-09-07,004,瑞典超,卡尔马,佐加顿斯,jc,平,1.45,1,0.45,-32.27
2026-09-07,005,沙特联,利雅新月,新未来城,jc,主,1.10,0,-1.00,-33.27
2026-09-08,008,欧冠,西甲皇马,国际米兰意甲,jc,主,1.40,1,0.40,-32.87
2026-09-08,011,欧冠,葡超波尔图,曼城英超,jc,平,1.46,1,0.46,-32.41
2026-09-08,012,解放者杯,巴甲弗鲁米嫩塞,普拉腾斯阿甲,jc,主,1.50,1,0.50,-31.91
2026-09-09,006,欧冠,葡超里斯本,加拉塔萨雷土超,jc,主,1.50,1,0.50,-31.41
2026-09-09,007,欧冠,意甲那不勒斯,阿森纳英超,jc,平,1.45,1,0.45,-30.96
2026-09-09,011,英联杯,英超切尔西,利兹联英超,jc,主,1.32,1,0.32,-30.64
2026-09-09,013,解放者杯,巴甲帕尔梅拉斯,基多大学厄甲,jc,主,1.21,1,0.21,-30.43
2026-09-10,006,葡超,阿马多拉,布拉加,jc,平,1.40,0,-1.00,-31.43
2026-09-11,002,沙特联,费萨里,吉达联合,jc,平,1.37,1,0.37,-31.06
2026-09-11,004,瑞典超,赫根,米亚尔比,jc,主,1.38,0,-1.00,-32.06
2026-09-11,010,英冠,西汉姆,雷克斯汉姆,jc,主,1.38,1,0.38,-31.68
2026-09-12,009,德甲,多特蒙德,帕德博恩,jc,主,1.14,1,0.14,-31.54
2026-09-12,012,英超,切尔西,赫尔城,jc,主,1.10,0,-1.00,-32.54
2026-09-12,016,英超,利物浦,富勒姆,jc,主,1.37,0,-1.00,-33.54
2026-09-12,019,沙特联,布赖合作,利雅新月,jc,平,1.17,1,0.17,-33.37
2026-09-12,021,挪超,罗森博格,特罗姆瑟,jc,主,1.48,1,0.48,-32.89
2026-09-12,024,西甲,毕尔巴鄂,埃尔切,jc,主,1.25,0,-1.00,-33.89
2026-09-12,025,葡超,卡萨皮亚,波尔图,jc,平,1.10,1,0.10,-33.79
2026-09-12,026,荷甲,福图纳,阿贾克斯,jc,平,1.28,1,0.28,-33.51
2026-09-12,027,意甲,亚特兰大,卡利亚里,jc,主,1.50,0,-1.00,-34.51
2026-09-12,029,英超,桑德兰,阿森纳,jc,平,1.38,1,0.38,-34.13
2026-09-13,002,J2联赛,仙台七夕,札幌冈萨多,jc,主,1.41,0,-1.00,-35.13
2026-09-13,006,荷甲,海伦芬,特尔斯达,jc,主,1.45,0,-1.00,-36.13
2026-09-13,008,法甲,里尔,特鲁瓦,jc,主,1.34,1,0.34,-35.79
2026-09-13,009,德甲,莱比锡,汉堡,jc,主,1.26,1,0.26,-35.53
2026-09-13,011,挪超,汉坎,莫尔德,jc,平,1.47,1,0.47,-35.06
2026-09-13,012,法甲,勒芒,朗斯,jc,平,1.44,0,-1.00,-36.06
2026-09-13,019,意甲,萨索洛,尤文,jc,平,1.46,0,-1.00,-37.06
2026-09-13,020,法甲,布雷斯特,巴黎圣曼,jc,平,1.13,1,0.13,-36.93
2026-09-13,022,葡超,法马利康,里斯本,jc,平,1.32,0,-1.00,-37.93
2026-09-13,023,巴西甲,弗拉门戈,科林蒂安,jc,主,1.14,1,0.14,-37.79
2026-09-14,002,芬超,国际图尔库,瓦萨,jc,主,1.45,1,0.45,-37.34
2026-09-14,003,意甲,科莫,帕尔马,jc,主,1.12,1,0.12,-37.22
2026-09-14,004,意甲,都灵,罗马,jc,平,1.42,1,0.42,-36.80
2026-09-14,005,瑞典超,佐加顿斯,哥德堡盖斯,jc,主,1.35,1,0.35,-36.45
2026-09-14,008,意甲,国际米兰,乌迪内斯,jc,主,1.11,1,0.11,-36.34
2026-09-14,012,葡超,布拉加,埃斯托里,jc,主,1.24,1,0.24,-36.10
2026-09-15,003,亚运男足,卡塔尔U23,韩国U23,jc,平,1.07,1,0.07,-36.03
2026-09-15,004,亚冠,马超柔佛,布里兰泰超,jc,主,1.32,0,-1.00,-37.03
2026-09-15,005,亚冠,中超北京国安,浦项制铁K联,jc,主,1.44,1,0.44,-36.59
2026-09-15,010,英冠,米堡,米尔沃尔,jc,主,1.33,0,-1.00,-37.59
2026-09-15,012,英联杯,英超伊普斯,阿森纳英超,jc,平,1.17,1,0.17,-37.42
2026-09-16,006,西甲,马竞,奥萨苏纳,jc,主,1.25,1,0.25,-37.17
2026-09-16,009,欧联,英超桑德兰,阿尔克马荷甲,jc,主,1.37,1,0.37,-36.80
2026-09-17,002,亚冠乙,中超上海申花,淡滨尼流浪新联,jc,主,1.33,1,0.33,-36.47
2026-09-17,003,欧联,希超克里特,霍芬海姆德甲,jc,平,1.19,0,-1.00,-37.47
2026-09-17,004,西甲,贝蒂斯,赫塔费,jc,主,1.39,1,0.39,-37.08
2026-09-17,005,欧联,英超水晶宫,波兹南波甲,jc,主,1.22,1,0.22,-36.86
2026-09-17,007,欧联,意甲尤文,奈梅亨荷甲,jc,主,1.08,1,0.08,-36.78
2026-09-17,009,欧联,挪超利勒斯特,杜连斯葡甲,jc,主,1.45,0,-1.00,-37.78
2026-09-17,011,解放者杯,巴甲弗拉门戈,德尔瓦耶独立厄甲,jc,主,1.19,0,-1.00,-38.78
2026-09-18,001,亚运男足,沙特U23,卡塔尔U23,jc,主,1.40,1,0.40,-38.38
2026-09-18,003,德乙,沃尔夫斯堡,达姆施塔特,jc,主,1.32,1,0.32,-38.06
2026-09-18,004,挪超,萨普斯,KFUM奥斯陆,jc,主,1.39,0,-1.00,-39.06
2026-09-18,006,荷甲,格罗宁根,兹沃勒,jc,主,1.37,1,0.37,-38.69
2026-09-19,016,英超,纽卡斯尔,赫尔城,jc,主,1.46,1,0.46,-38.23
2026-09-19,017,挪超,克里斯蒂安松,罗森博格,jc,平,1.40,1,0.40,-37.83
2026-09-19,018,西甲,毕尔巴鄂,阿拉维斯,jc,主,1.48,0,-1.00,-38.83
2026-09-19,021,英超,诺丁汉森林,考文垂,jc,主,1.42,0,-1.00,-39.83
2026-09-20,010,英超,利兹联,水晶宫,jc,主,1.49,0,-1.00,-40.83
2026-09-20,012,英超,曼城,桑德兰,jc,主,1.19,1,0.19,-40.64
2026-09-20,014,意甲,弗洛西诺内,科莫,jc,平,1.30,0,-1.00,-41.64
2026-09-20,018,挪超,维京,利勒斯特,jc,主,1.17,1,0.17,-41.47
2026-09-20,023,西甲,比利亚雷,莱万特,jc,主,1.34,1,0.34,-41.13
2026-09-20,026,意甲,AC米兰,莱切,jc,主,1.12,1,0.12,-41.01
2026-09-20,027,法甲,马赛,巴黎圣曼,jc,平,1.28,1,0.28,-40.73
2026-09-22,001,亚运男足,韩国U23,沙特U23,jc,主,1.15,1,0.15,-40.58
2026-09-22,002,英锦赛,英甲米尔顿凯恩斯,克劳利英乙,jc,主,1.22,1,0.22,-40.36
2026-09-24,005,欧国联,葡萄牙,威尔士,jc,主,1.08,1,0.08,-40.28
2026-09-25,001,亚运男足,乌兹别克U23,沙特U23,jc,主,1.44,1,0.44,-39.84
2026-09-25,003,友谊赛,澳大利亚,巴西,jc,平,1.12,0,-1.00,-40.84
2026-09-25,004,亚运男足,韩国U23,越南U23,jc,主,1.02,1,0.02,-40.82
2026-09-25,010,欧国联,波兰,波黑,jc,主,1.37,0,-1.00,-41.82
2026-09-25,011,欧国联,土耳其,法国,jc,平,1.20,1,0.20,-41.62
2026-09-25,012,欧国联,瑞典,罗马尼亚,jc,主,1.28,1,0.28,-41.34
