策略,注数,命中数,命中率,投入,回收,净盈亏,回报率,最大回撤,最长连亏,平均赔率
A1 竞彩最低赔率方,1617,877,0.5424,1617.0,1464.94,-152.06,-0.0940,157.34,14,1.752
A2 每场买主胜,1617,709,0.4385,1617.0,1410.93,-206.07,-0.1274,239.49,16,2.578
A3 每场买平局,1617,409,0.2529,1617.0,1441.09,-175.91,-0.1088,176.26,35,3.784
A4 每场买客胜,1617,499,0.3086,1617.0,1368.37,-248.63,-0.1538,284.26,22,3.852
A5 让球盘最低赔率方,1616,831,0.5142,1616.0,1478.38,-137.62,-0.0852,142.06,15,1.819
A6 让球盘买主胜,1616,560,0.3465,1616.0,1393.33,-222.67,-0.1378,240.23,26,2.990
B1 最低赔率 1.9~2.2,371,165,0.4447,371.0,337.50,-33.50,-0.0903,35.87,12,2.050
B2 最低赔率 ≤1.5,526,371,0.7053,526.0,484.66,-41.34,-0.0786,43.03,6,1.322
B3 最低赔率 1.5~1.8,403,207,0.5136,403.0,336.15,-66.85,-0.1659,68.99,13,1.634
B5 主胜赔 1.5~1.8 买主,296,155,0.5236,296.0,250.47,-45.53,-0.1538,59.14,12,1.624
C1 模型价值 >2%,52,6,0.1154,52.0,54.05,2.05,0.0394,24.75,15,9.194
C2 模型价值 >5%,37,4,0.1081,37.0,45.80,8.80,0.2378,23.00,23,10.160
C3 模型价值 >10%,25,1,0.0400,25.0,10.50,-14.50,-0.5800,15.00,15,10.133
C4 模型选最大期望,1617,473,0.2925,1617.0,1491.55,-125.45,-0.0776,211.07,20,4.046
D1 每日最低赔率前2场 2串1,127,81,0.6378,127.0,134.37,7.37,0.0581,10.84,4,1.785
