date,code,league,home,away,score,jc_h,jc_d,jc_a,jch_h,jch_d,jch_a,eu_h,eu_d,eu_a
2026-07-05,201,K联赛,首尔FC,仁川联,1-0,1.63,3.30,4.70,3.35,3.12,1.96,1.87,3.32,4.06
2026-07-05,202,K联赛,光州FC,蔚山现代,1-1,6.55,4.15,1.36,2.62,3.10,2.35,6.10,4.05,1.49
2026-07-05,203,K联赛,金泉尚武,济州联,1-1,2.33,2.81,2.90,5.60,3.90,1.44,2.32,3.26,2.91
2026-07-05,204,瑞典超,卡尔马,厄尔格里特,3-0,1.25,5.20,7.30,1.90,3.52,3.13,1.39,4.80,6.87
2026-07-05,205,瑞典超,哥德堡,索尔纳,1-2,1.94,3.17,3.35,3.80,3.85,1.65,1.98,3.56,3.49
2026-07-05,206,瑞典超,埃尔夫斯堡,哈马比,1-2,4.07,3.70,1.63,1.96,3.38,3.10,3.95,3.69,1.82
2026-07-05,091,世界杯,巴西,挪威,1-2,1.55,3.68,4.70,3.14,2.95,2.12,1.78,3.70,4.64
2026-07-05,092,世界杯,墨西哥,英格兰,2-3,3.20,2.86,2.14,1.55,3.35,5.40,3.10,3.04,2.52
2026-07-06,201,瑞典超,赫根,佐加顿斯,2-4,2.23,3.38,2.60,4.80,4.08,1.48,2.42,3.67,2.56
2026-07-06,202,瑞典超,布鲁马波卡纳,哥德堡盖斯,1-1,3.00,2.92,2.21,1.49,3.88,5.00,2.96,3.35,2.28
2026-07-06,093,世界杯,葡萄牙,西班牙,0-1,3.81,3.15,1.82,1.77,3.28,3.85,3.88,3.52,1.97
2026-07-06,094,世界杯,美国,比利时,1-4,2.10,3.40,2.79,1.33,4.75,6.00,2.54,3.26,2.87
2026-07-07,095,世界杯,阿根廷,埃及,3-2,1.20,4.90,11.00,1.74,3.70,3.52,1.34,4.82,10.93
2026-07-07,201,欧冠,阿超沙巴巴库,新圣徒威超,2-0,1.13,6.20,12.00,1.49,4.30,4.42,1.17,6.88,13.22
2026-07-07,202,欧冠,法超克拉克斯维克,比森卢甲,2-1,1.28,4.75,7.30,2.22,2.90,3.00,1.43,4.27,6.80
2026-07-07,203,欧冠,冰超维京人,杰尔匈甲,1-0,2.17,3.18,2.82,4.90,3.80,1.51,2.20,3.67,2.85
2026-07-07,096,世界杯,瑞士,哥伦比亚,0-0,3.40,2.82,2.08,1.58,3.37,5.00,3.55,2.93,2.35
2026-07-09,201,欧联,塞超沃伊沃迪纳,费伦茨匈甲,1-2,3.15,2.98,2.10,1.57,3.57,4.70,2.79,3.42,2.32
2026-07-09,202,欧联,保超索菲亚中央陆军,德里城爱超,3-2,1.12,6.25,13.00,1.53,3.87,4.60,1.20,6.01,12.61
2026-07-09,203,欧联,克甲斯普利特海杜克,日利纳斯超,2-0,1.26,4.80,7.85,2.09,3.05,3.10,1.36,4.72,7.54
2026-07-09,097,世界杯,法国,摩洛哥,2-0,1.42,3.75,6.32,2.58,3.05,2.42,1.58,3.88,6.33
2026-07-10,201,芬超,瓦萨,塞伊奈,1-0,1.57,4.02,4.10,3.00,3.25,2.05,1.79,3.86,3.87
2026-07-10,098,世界杯,西班牙,比利时,2-1,1.44,3.85,5.70,2.68,3.06,2.33,1.64,3.91,5.48
2026-07-11,201,K联赛,光州FC,浦项制铁,0-3,5.78,3.45,1.50,2.20,2.80,3.15,5.32,3.42,1.66
2026-07-11,202,K联赛,金泉尚武,富川FC,1-1,1.82,3.15,3.81,3.85,3.25,1.78,1.94,3.26,3.83
2026-07-11,203,K联赛,蔚山现代,全北现代,1-3,2.62,2.88,2.50,6.55,4.05,1.37,2.66,3.30,2.48
2026-07-11,204,挪超,腓特烈斯塔,利勒斯特,0-2,3.02,3.32,2.01,1.60,3.65,4.35,3.04,3.45,2.19
2026-07-11,205,芬超,拉赫蒂,赫尔辛,2-0,2.92,3.45,2.01,1.60,3.75,4.20,2.76,3.58,2.28
2026-07-11,206,瑞典超,米亚尔比,索尔纳,1-2,1.97,3.35,3.10,4.60,3.40,1.62,2.19,3.52,3.01
2026-07-11,207,挪超,奥勒松,莫尔德,2-2,3.20,3.80,1.81,1.75,3.67,3.50,3.18,3.71,2.04
2026-07-11,208,芬超,TPS土尔库,AC奥卢,3-0,2.40,2.82,2.80,1.31,4.90,6.20,2.43,3.36,2.69
2026-07-11,209,芬超,赫尔火花,玛丽港,4-2,1.19,5.65,8.90,1.64,4.10,3.62,1.30,5.24,8.24
2026-07-11,210,瑞典超,厄尔格里特,赫根,4-3,5.90,4.70,1.34,2.68,3.60,2.09,5.63,4.66,1.46
2026-07-11,211,挪超,特罗姆瑟,瓦勒伦加,4-0,1.50,3.93,4.80,2.95,3.00,2.19,1.70,3.74,4.52
2026-07-11,099,世界杯,挪威,英格兰,1-1,3.65,3.65,1.72,1.88,3.07,3.68,4.11,3.78,1.85
2026-07-11,100,世界杯,阿根廷,瑞士,1-1,1.51,3.45,5.65,2.98,2.95,2.20,1.71,3.40,5.90
2026-07-12,201,K联赛,仁川联,安养FC,0-1,2.01,2.80,3.65,4.65,3.45,1.60,2.14,3.06,3.47
2026-07-12,202,K联赛,济州联,大田市民,0-0,3.34,3.03,2.00,1.61,3.35,4.80,3.46,3.14,2.12
2026-07-12,203,K联赛,首尔FC,江原FC,0-0,2.04,2.95,3.33,4.80,3.33,1.61,2.30,3.00,3.19
2026-07-12,204,瑞典超,马尔默,哥德堡,4-0,1.69,3.70,3.75,3.40,3.32,1.88,1.91,3.81,3.46
2026-07-12,205,瑞典超,哈马比,卡尔马,2-0,1.27,5.10,6.85,1.90,3.70,3.00,1.39,4.90,6.71
2026-07-12,206,瑞典超,韦斯特罗斯,代格福什,2-0,1.96,3.12,3.35,4.13,3.65,1.63,2.08,3.35,3.37
2026-07-12,207,挪超,KFUM奥斯陆,博德闪耀,0-2,5.50,4.70,1.36,2.57,3.75,2.11,5.42,4.53,1.49
2026-07-12,208,瑞典超,哥德堡盖斯,埃尔夫斯堡,1-0,1.63,3.60,4.20,3.18,3.28,1.96,1.78,3.61,4.29
2026-07-12,209,瑞典超,布鲁马波卡纳,天狼星,1-2,4.70,4.15,1.48,2.24,3.50,2.52,4.61,4.13,1.62
2026-07-12,210,挪超,布兰,斯达,2-1,1.30,4.80,6.60,1.96,3.80,2.82,1.40,4.79,6.57
2026-07-12,211,挪超,罗森博格,克里斯蒂安松,3-0,1.41,4.25,5.40,2.58,3.05,2.42,1.57,4.13,5.11
2026-07-12,212,挪超,桑纳菲尤尔,汉坎,2-2,1.85,3.25,3.55,3.65,3.65,1.72,1.94,3.62,3.51
2026-07-12,213,挪超,萨普斯,维京,1-0,4.70,4.70,1.42,2.40,3.30,2.44,4.75,4.47,1.57
2026-07-13,201,瑞典超,佐加顿斯,哈尔姆斯塔德,3-0,1.17,6.00,9.25,2.52,3.72,2.16,1.21,6.50,10.61
2026-07-14,201,欧冠,匈甲杰尔,维京人冰超,2-2,1.44,4.40,4.81,2.63,3.08,2.36,1.57,4.11,5.09
2026-07-14,202,欧冠,威超新圣徒,沙巴巴库阿超,1-2,5.40,4.25,1.41,2.43,3.12,2.52,4.89,4.23,1.57
2026-07-14,101,世界杯,法国,西班牙,0-2,2.08,3.08,3.09,4.50,3.65,1.58,2.54,3.01,3.12
2026-07-15,201,欧冠,卢甲比森,克拉克斯维克法超,1-2,2.32,3.14,2.63,1.37,4.30,6.00,2.19,3.49,3.00
2026-07-15,102,世界杯,英格兰,阿根廷,1-2,2.36,2.75,2.92,5.76,3.75,1.45,2.70,2.88,3.04
2026-07-15,202,欧冠,黑甲苏基斯卡,阿拉木图凯拉特哈超,0-2,4.95,3.90,1.49,2.21,3.00,2.91,4.18,3.96,1.71
2026-07-16,201,挪超,瓦勒伦加,奥勒松,6-1,1.50,4.06,4.61,2.66,3.35,2.20,1.62,4.30,4.48
2026-07-16,202,欧联,爱超德里城,索菲亚中央陆军保超,1-2,4.00,3.76,1.63,1.96,3.20,3.26,3.47,3.72,1.91
2026-07-16,203,欧联,匈甲费伦茨,沃伊沃迪纳塞超,3-0,1.25,5.35,7.00,1.94,3.30,3.22,1.35,4.84,7.69
2026-07-16,204,欧联,斯超日利纳,斯普利特海杜克克甲,2-1,3.30,3.22,1.94,1.65,3.45,4.30,3.06,3.41,2.17
2026-07-16,205,巴西甲,博塔弗戈,桑托斯,2-1,1.81,3.48,3.45,4.05,3.22,1.75,2.17,3.37,3.24
2026-07-16,206,巴西甲,维多利亚,瓦斯科达伽马,1-0,2.12,3.12,2.97,4.85,3.55,1.56,2.47,3.21,2.84
2026-07-16,207,美职,蒙特利尔,多伦多FC,0-0,1.92,3.42,3.16,3.95,3.65,1.66,2.23,3.56,2.94
2026-07-16,209,美职,圣路易斯市,堪萨斯城,3-2,1.30,4.96,6.30,1.93,3.75,2.90,1.44,4.81,5.89
2026-07-16,210,美职,西雅图海湾人,波特兰伐木工,1-5,1.34,4.75,5.80,2.10,3.48,2.73,1.51,4.61,5.25
2026-07-17,201,瑞典超,哥德堡,布鲁马波卡纳,2-1,1.93,3.40,3.15,3.70,3.90,1.66,1.86,3.74,3.70
2026-07-17,202,瑞典超,米亚尔比,韦斯特罗斯,0-0,1.61,3.75,4.15,3.06,3.30,2.00,1.74,3.85,4.19
2026-07-17,204,巴西甲,巴伊亚,沙佩科恩斯,2-0,1.29,4.70,7.10,2.01,3.48,2.90,1.40,4.70,7.10
2026-07-17,205,巴西甲,弗鲁米嫩塞,布拉干蒂诺,1-1,1.62,3.42,4.55,3.58,2.90,1.98,1.83,3.44,4.29
2026-07-17,206,巴西甲,迈拉索尔,格雷米奥,2-1,1.72,3.15,4.33,3.80,3.10,1.84,1.93,3.30,4.03
2026-07-17,207,美职,纳什维尔,亚特兰大联,1-0,1.36,4.35,6.10,2.16,3.55,2.60,1.56,4.19,5.29
2026-07-17,208,美职,洛杉矶银河,洛杉矶FC,0-3,2.95,3.40,2.02,1.60,3.85,4.10,3.07,3.67,2.11
2026-07-18,201,K联赛,大田市民,蔚山现代,2-2,2.48,3.15,2.45,5.65,4.30,1.39,2.45,3.30,2.70
2026-07-18,202,K联赛,江原FC,金泉尚武,2-0,1.53,3.56,5.12,2.98,2.98,2.18,1.66,3.57,5.05
2026-07-18,203,K联赛,济州联,浦项制铁,2-1,3.16,2.95,2.11,1.54,3.30,5.65,2.93,2.99,2.46
2026-07-18,204,K联赛,仁川联,全北现代,1-0,3.28,2.97,2.05,1.57,3.42,5.00,3.05,3.03,2.35
2026-07-18,205,挪超,汉坎,特罗姆瑟,1-4,3.75,3.43,1.75,1.84,3.21,3.65,3.84,3.39,1.93
2026-07-18,206,芬超,赫尔辛,瓦萨,2-1,1.85,3.65,3.18,3.68,3.62,1.72,2.01,3.58,3.28
2026-07-18,207,瑞典超,索尔纳,哥德堡盖斯,2-0,2.69,3.15,2.27,6.00,4.50,1.35,2.88,3.40,2.31
2026-07-18,208,挪超,利勒斯特,KFUM奥斯陆,2-1,1.43,4.20,5.20,2.42,3.40,2.37,1.61,4.04,4.87
2026-07-18,209,挪超,斯达,罗森博格,0-3,3.15,3.55,1.89,1.68,3.65,3.85,3.02,3.46,2.19
2026-07-18,210,挪超,克里斯蒂安松,萨普斯,0-0,2.90,3.65,1.96,1.63,3.75,4.02,2.93,3.61,2.19
2026-07-18,211,芬超,AC奥卢,赫尔火花,0-2,2.08,3.30,2.90,4.45,3.75,1.57,2.35,3.43,2.74
2026-07-18,212,芬超,塞伊奈,库普斯,0-2,2.32,3.35,2.50,1.40,4.45,5.25,2.31,3.56,2.74
2026-07-18,213,挪超,莫尔德,布兰,1-2,1.77,4.00,3.18,3.37,3.65,1.79,2.10,3.85,2.95
2026-07-18,214,挪超,维京,桑纳菲尤尔,2-1,1.15,6.45,9.50,2.61,3.70,2.10,1.27,5.87,8.70
2026-07-18,103,世界杯,法国,英格兰,4-6,1.68,3.85,3.65,3.00,3.60,1.93,1.74,4.13,4.32
2026-07-19,201,K联赛,富川FC,首尔FC,1-3,5.65,3.50,1.50,2.19,2.95,3.00,5.48,3.63,1.60
2026-07-19,202,K联赛,安养FC,光州FC,1-1,1.49,3.60,5.55,2.93,2.98,2.21,1.65,3.60,5.04
2026-07-19,203,瑞典超,埃尔夫斯堡,天狼星,1-3,3.45,3.65,1.77,1.79,3.45,3.56,3.41,3.56,2.00
2026-07-19,204,瑞典超,哈尔姆斯塔德,赫根,0-2,5.10,4.70,1.39,2.48,3.38,2.33,4.87,4.36,1.56
2026-07-19,205,瑞典超,哈马比,代格福什,4-0,1.13,6.10,12.50,2.57,3.50,2.20,1.20,6.37,11.88
2026-07-19,206,芬超,雅罗,国际图尔库,0-0,4.45,3.85,1.55,2.10,3.25,2.89,4.05,3.75,1.77
2026-07-19,104,世界杯,西班牙,阿根廷,0-0,2.11,2.96,3.15,4.50,3.71,1.57,2.28,3.03,3.57
2026-07-20,201,芬超,TPS土尔库,坦山猫,1-3,2.58,3.20,2.33,1.44,4.25,5.00,2.73,3.54,2.32
2026-07-20,202,芬超,玛丽港,拉赫蒂,0-2,5.90,4.45,1.36,2.57,3.10,2.40,5.61,4.29,1.50
2026-07-20,203,瑞典超,厄尔格里特,佐加顿斯,0-0,7.25,5.60,1.23,3.23,3.98,1.76,7.18,5.29,1.34
2026-07-20,204,瑞典超,卡尔马,马尔默,2-2,2.50,3.15,2.43,5.65,4.30,1.39,2.42,3.48,2.70
2026-07-21,201,K联赛,济州联,江原FC,1-1,4.62,3.05,1.71,1.89,2.95,3.82,4.13,3.12,1.93
2026-07-21,202,K联赛,全北现代,大田市民,0-0,1.77,3.28,3.85,3.73,3.30,1.79,2.04,3.35,3.43
2026-07-21,203,K联赛,蔚山现代,仁川联,1-2,2.02,2.85,3.53,4.60,3.53,1.59,2.25,3.17,3.09
2026-07-21,205,欧冠,阿超沙巴巴库,库普斯芬超,1-0,1.42,4.15,5.45,2.55,3.15,2.38,1.44,4.53,6.32
2026-07-21,206,欧冠,丹超奥胡斯,波兹南波甲,1-4,2.13,2.80,3.30,4.90,3.70,1.53,2.51,3.23,2.75
2026-07-21,207,欧冠,奥甲格拉茨风暴,哈茨苏超,4-0,1.54,3.80,4.60,2.90,3.22,2.11,1.81,3.68,4.01
2026-07-21,204,巴西甲,米内罗竞技,巴伊亚,1-1,1.86,3.15,3.65,4.10,3.25,1.73,1.87,3.50,4.00
2026-07-22,201,K联赛,首尔FC,浦项制铁,3-1,1.60,3.28,5.00,3.35,2.96,2.03,1.72,3.40,4.89
2026-07-22,202,K联赛,富川FC,安养FC,2-3,2.86,2.72,2.43,1.43,3.70,6.25,2.74,3.09,2.54
2026-07-22,203,K联赛,光州FC,金泉尚武,1-1,3.65,2.75,2.04,1.60,3.55,4.50,3.43,3.19,2.10
2026-07-22,205,挪超,利勒斯特,维京,1-2,3.13,3.53,1.90,1.68,3.65,3.85,3.23,3.72,2.02
2026-07-22,210,欧冠,塞甲奥莫尼亚,阿拉木图凯拉特哈超,1-0,1.54,3.60,4.95,3.00,3.10,2.11,1.56,3.81,5.87
2026-07-22,206,美职,迈阿密国际,芝加哥火焰,3-2,2.25,3.60,2.46,4.30,4.55,1.48,2.41,3.97,2.52
2026-07-22,207,巴西甲,沙佩科恩斯,弗拉门戈,0-4,7.30,4.60,1.29,2.86,3.18,2.15,8.18,4.65,1.37
2026-07-22,208,巴西甲,圣保罗,巴拉纳竞技,1-2,1.84,2.85,4.25,4.28,3.05,1.76,2.03,3.15,3.88
2026-07-22,209,美职,洛杉矶FC,皇家盐湖城,3-1,1.48,4.30,4.55,2.60,3.37,2.23,1.70,4.05,4.29
2026-07-23,203,欧联,瑞超哈马比,安德莱赫特比甲,1-1,1.70,3.47,3.95,3.50,3.25,1.87,1.71,3.87,4.40
2026-07-23,204,欧联,瑞超圣加仑,本菲卡葡超,2-1,7.95,5.25,1.23,3.35,3.55,1.82,6.81,4.97,1.37
2026-07-23,205,欧联,土超贝西克塔斯,中日德兰丹超,1-0,2.10,3.03,3.10,4.67,3.70,1.55,2.08,3.61,3.12
2026-07-23,206,欧联,荷甲特温特,费伦茨匈甲,1-2,1.38,4.08,6.25,2.45,3.08,2.52,1.52,4.18,5.44
2026-07-23,207,欧联,克甲斯普利特海杜克,AEP帕福斯塞甲,2-0,1.78,3.25,3.85,3.85,3.25,1.78,2.10,3.15,3.52
2026-07-23,201,巴西甲,科林蒂安,瑞模,3-0,1.33,4.15,7.30,2.35,2.97,2.72,1.50,4.06,6.52
2026-07-23,202,巴西甲,博塔弗戈,维多利亚,0-0,1.53,3.60,5.05,2.97,3.05,2.15,1.73,3.65,4.58
2026-07-24,201,芬超,雅罗,塞伊奈,2-1,2.95,3.38,2.02,1.59,3.75,4.28,2.94,3.63,2.15
2026-07-24,202,瑞典超,韦斯特罗斯,厄尔格里特,2-0,1.51,3.86,4.80,2.66,3.28,2.23,1.56,4.26,5.02
2026-07-25,201,K联赛,金泉尚武,大田市民,3-2,2.95,3.10,2.14,1.53,3.60,5.05,2.88,3.21,2.36
2026-07-25,202,K联赛,浦项制铁,全北现代,0-2,3.00,2.78,2.29,1.47,3.56,5.95,3.03,3.01,2.37
2026-07-25,203,瑞典超,代格福什,佐加顿斯,0-1,4.90,3.95,1.49,2.21,3.55,2.53,4.75,3.89,1.65
2026-07-25,204,芬超,玛丽港,AC奥卢,1-1,5.55,4.45,1.38,2.50,3.25,2.37,5.58,4.30,1.50
2026-07-25,205,挪超,克里斯蒂安松,斯达,1-2,1.86,3.50,3.27,3.93,3.45,1.71,2.19,3.43,3.06
2026-07-25,206,芬超,库普斯,瓦萨,3-1,1.97,3.14,3.30,4.20,3.65,1.62,2.10,3.43,3.20
2026-07-25,207,瑞典超,卡尔马,米亚尔比,2-1,2.60,3.13,2.35,5.80,4.50,1.36,2.56,3.40,2.55
2026-07-25,208,巴西甲,巴拉纳竞技,巴西国际,2-0,1.72,3.25,4.16,3.92,3.00,1.85,1.98,3.24,3.94
2026-07-25,209,巴西甲,桑托斯,沙佩科恩斯,2-2,1.23,5.00,8.60,1.86,3.55,3.22,1.34,4.93,8.39
2026-07-25,210,美职,圣迭戈FC,达拉斯FC,1-0,2.25,3.60,2.46,4.65,4.27,1.47,2.24,3.76,2.78
2026-07-25,211,美职,圣何塞地震,洛杉矶银河,1-1,1.64,4.05,3.67,2.95,3.60,1.95,1.99,3.84,3.23
2026-07-26,201,K联赛,首尔FC,蔚山现代,1-3,1.65,3.50,4.20,3.15,3.30,1.97,1.75,3.71,4.11
2026-07-26,202,K联赛,仁川联,富川FC,1-1,1.48,3.55,5.80,3.00,2.85,2.25,1.61,3.63,5.37
2026-07-26,203,K联赛,光州FC,济州联,1-2,3.32,3.00,2.02,1.59,3.60,4.50,3.58,3.20,2.04
2026-07-26,204,K联赛,安养FC,江原FC,2-1,4.05,2.83,1.89,1.70,3.18,4.42,3.76,3.12,2.02
2026-07-26,205,瑞典超,布鲁马波卡纳,哈马比,1-1,7.50,5.30,1.24,3.18,3.65,1.85,6.87,4.90,1.38
2026-07-26,206,瑞典超,天狼星,哥德堡,4-1,1.31,4.90,6.20,1.95,3.85,2.80,1.46,4.70,5.64
2026-07-26,207,芬超,国际图尔库,赫尔火花,1-2,1.56,3.75,4.50,3.00,3.20,2.07,1.70,3.82,4.34
2026-07-26,208,芬超,坦山猫,拉赫蒂,1-0,2.42,3.30,2.43,5.15,4.42,1.41,2.46,3.47,2.58
2026-07-26,209,挪超,布兰,瓦勒伦加,2-3,1.52,4.30,4.20,2.67,3.45,2.15,1.66,4.25,4.24
2026-07-26,210,芬超,赫尔辛,TPS土尔库,1-0,1.24,5.30,7.50,1.82,3.75,3.20,1.34,5.16,7.21
2026-07-26,211,瑞典超,哥德堡盖斯,哈尔姆斯塔德,1-1,1.34,4.50,6.20,2.05,3.80,2.65,1.49,4.32,5.88
2026-07-26,212,瑞典超,马尔默,埃尔夫斯堡,1-2,1.84,3.50,3.34,3.56,3.65,1.74,1.99,3.56,3.43
2026-07-26,213,挪超,萨普斯,汉坎,1-0,1.47,4.20,4.75,2.69,3.20,2.25,1.65,4.04,4.51
2026-07-26,214,挪超,KFUM奥斯陆,莫尔德,2-4,3.16,3.30,1.96,1.66,3.80,3.80,3.04,3.60,2.13
2026-07-26,215,挪超,桑纳菲尤尔,博德闪耀,0-3,8.00,6.10,1.19,3.53,4.16,1.65,7.24,5.40,1.33
2026-07-26,216,挪超,奥勒松,维京,1-1,5.75,4.90,1.33,2.69,3.68,2.06,5.11,4.58,1.52
2026-07-26,217,巴西甲,弗拉门戈,圣保罗,1-1,1.32,4.40,6.90,2.20,3.17,2.78,1.44,4.33,6.99
2026-07-26,218,巴西甲,格雷米奥,弗鲁米嫩塞,1-1,2.79,2.87,2.37,1.45,3.65,6.05,3.34,3.20,2.20
2026-07-27,201,瑞典超,赫根,索尔纳,0-0,1.76,3.50,3.63,3.29,3.70,1.80,1.87,3.98,3.46
2026-07-27,202,挪超,罗森博格,腓特烈斯塔,4-0,1.37,4.40,5.80,2.40,3.10,2.56,1.52,4.27,5.63
2026-07-28,001,欧冠,芬超库普斯,沙巴巴库阿超,0-2,2.80,3.38,2.10,1.57,3.70,4.50,2.84,3.36,2.34
2026-07-28,002,欧冠,苏超哈茨,格拉茨风暴奥甲,0-2,1.82,3.92,3.08,3.51,3.70,1.74,1.84,3.88,3.69
2026-07-29,001,欧冠,哈超阿拉木图凯拉特,奥莫尼亚塞甲,1-0,1.98,2.92,3.55,4.50,3.32,1.65,2.29,3.09,3.19
2026-07-29,002,欧冠,波甲波兹南,奥胡斯丹超,0-3,1.53,3.85,4.62,2.54,3.75,2.13,1.75,3.87,4.14
2026-07-29,003,巴西甲,迈拉索尔,瑞模,2-1,1.50,3.80,5.00,3.02,2.92,2.20,1.72,3.66,4.67
2026-07-29,004,巴西甲,巴西国际,弗拉门戈,1-1,4.32,3.52,1.63,1.97,3.34,3.10,3.50,3.39,2.05
2026-07-29,005,巴西甲,弗鲁米嫩塞,巴伊亚,0-0,1.63,3.40,4.50,3.30,3.05,2.01,1.69,3.67,4.89
2026-07-29,006,巴西甲,维多利亚,帕尔梅拉斯,0-4,4.30,3.30,1.69,1.88,3.30,3.40,4.09,3.12,1.98
2026-07-30,001,欧联,丹超中日德兰,贝西克塔斯土超,0-2,1.73,3.75,3.52,3.58,3.30,1.83,2.02,3.63,3.28
2026-07-30,002,欧联,塞甲AEP帕福斯,斯普利特海杜克克甲,2-0,1.71,3.65,3.69,3.40,3.36,1.86,1.75,3.66,4.33
2026-07-30,003,欧联,比甲安德莱赫特,哈马比瑞超,3-1,2.11,3.25,2.88,4.55,3.85,1.54,2.35,3.33,2.86
2026-07-30,004,欧联,匈甲费伦茨,特温特荷甲,2-2,2.58,3.50,2.19,1.50,4.10,4.56,2.90,3.60,2.20
2026-07-30,006,巴西甲,科林蒂安,巴拉纳竞技,0-0,1.80,2.95,4.25,4.06,3.05,1.80,2.21,2.99,3.57
2026-07-31,001,挪超,瓦勒伦加,汉坎,0-3,1.53,3.98,4.45,2.60,3.47,2.19,1.56,4.30,4.99
2026-07-31,002,挪超,博德闪耀,利勒斯特,4-0,1.15,6.40,9.70,2.43,3.70,2.24,1.20,6.91,10.43
2026-07-31,003,美职,纽约城,多伦多FC,1-1,1.45,4.05,5.20,2.52,3.36,2.30,1.67,3.97,4.55
2026-08-01,001,K联赛,江原FC,富川FC,0-3,1.44,3.75,5.95,2.60,3.08,2.38,1.56,3.76,5.72
2026-08-01,002,K联赛,全北现代,首尔FC,0-0,2.62,2.90,2.48,1.41,4.05,5.80,2.64,3.16,2.57
2026-08-01,003,K联赛,浦项制铁,金泉尚武,0-1,2.29,2.98,2.80,5.35,3.88,1.46,2.50,3.08,2.81
2026-08-01,004,芬超,TPS土尔库,玛丽港,3-0,1.39,4.30,5.70,2.21,3.55,2.53,1.52,4.25,5.30
2026-08-01,005,瑞典超,赫根,卡尔马,1-1,1.62,3.85,3.96,2.88,3.55,2.00,1.74,3.98,4.02
2026-08-01,006,挪超,腓特烈斯塔,桑纳菲尤尔,1-0,2.11,3.24,2.88,4.40,3.95,1.54,2.30,3.38,2.90
2026-08-01,007,芬超,拉赫蒂,雅罗,2-0,1.39,4.35,5.55,2.52,2.98,2.52,1.54,4.12,5.25
2026-08-01,008,挪超,斯达,维京,0-3,5.65,4.62,1.36,2.57,3.80,2.10,5.33,4.56,1.50
2026-08-01,009,芬超,赫尔火花,库普斯,0-1,3.22,3.65,1.84,1.72,3.65,3.65,3.40,3.67,1.95
2026-08-01,010,美职,迈阿密国际,哥伦布机员,2-2,1.38,4.65,5.30,2.06,4.10,2.50,1.59,4.38,4.68
2026-08-01,011,美职,温哥华白帽,洛杉矶FC,1-1,1.91,3.65,3.02,3.48,4.05,1.68,1.75,4.09,3.93
2026-08-01,012,巴西杯,巴甲桑托斯,瑞模巴甲,0-0,1.42,3.82,6.10,2.49,3.15,2.44,1.43,4.21,6.99
2026-08-01,013,美职,芝加哥火焰,夏洛特FC,2-1,1.37,4.50,5.65,2.20,3.45,2.60,1.51,4.53,5.32
2026-08-01,014,美职,圣路易斯市,皇家盐湖城,1-1,1.88,3.75,3.02,3.65,3.80,1.69,1.96,3.81,3.36
2026-08-01,015,美职,洛杉矶银河,达拉斯FC,0-0,2.21,3.35,2.64,4.40,4.16,1.51,2.35,3.68,2.68
2026-08-01,016,美职,波特兰伐木工,西雅图海湾人,2-1,1.91,3.70,2.98,3.60,3.95,1.67,2.00,3.89,3.17
2026-08-02,001,K联赛,蔚山现代,安养FC,3-1,2.02,3.40,2.94,4.15,3.80,1.60,2.10,3.50,3.14
2026-08-02,002,K联赛,济州联,仁川联,3-3,2.80,2.75,2.45,1.41,3.95,6.00,2.84,2.93,2.57
2026-08-02,003,K联赛,大田市民,光州FC,2-0,1.44,3.85,5.70,2.50,3.20,2.40,1.52,4.00,5.76
2026-08-02,004,瑞典超,布鲁马波卡纳,马尔默,1-2,2.98,3.60,1.94,1.66,3.75,3.85,3.14,3.61,2.09
2026-08-02,005,瑞典超,哥德堡,代格福什,2-0,1.60,3.75,4.20,2.92,3.45,2.01,1.77,3.62,4.28
2026-08-02,006,芬超,瓦萨,国际图尔库,0-1,2.62,3.00,2.42,5.90,4.35,1.37,2.68,3.20,2.53
2026-08-02,007,芬超,AC奥卢,坦山猫,1-0,2.35,3.40,2.44,4.95,4.30,1.44,2.46,3.34,2.66
2026-08-02,008,瑞典超,索尔纳,厄尔格里特,0-3,1.40,4.20,5.65,2.23,3.60,2.48,1.53,4.27,5.37
2026-08-02,009,挪超,KFUM奥斯陆,克里斯蒂安松,2-1,1.60,3.70,4.28,3.06,3.25,2.02,1.74,3.82,4.20
2026-08-02,010,挪超,莫尔德,萨普斯,3-3,1.45,4.30,4.85,2.49,3.40,2.31,1.59,4.22,4.74
2026-08-02,011,挪超,奥勒松,特罗姆瑟,2-6,3.45,3.42,1.83,1.73,3.65,3.60,3.57,3.72,1.90
2026-08-02,012,挪超,布兰,罗森博格,3-2,1.90,3.55,3.12,3.65,3.85,1.68,2.02,3.70,3.23
2026-08-02,013,巴西杯,巴甲迈拉索尔,格雷米奥巴甲,1-1,1.83,2.90,4.20,4.05,3.15,1.77,2.02,3.15,3.73
2026-08-02,014,巴西杯,巴甲巴西国际,科林蒂安巴甲,2-0,2.24,2.60,3.35,5.55,3.55,1.50,2.21,2.84,3.62
2026-08-03,001,芬超,塞伊奈,赫尔辛,3-0,3.30,3.87,1.76,1.80,3.63,3.35,3.27,3.78,1.97
2026-08-03,002,瑞典超,哈尔姆斯塔德,天狼星,0-2,7.30,5.20,1.25,3.18,4.00,1.77,6.96,4.89,1.38
2026-08-03,003,瑞典超,佐加顿斯,韦斯特罗斯,6-0,1.38,4.50,5.50,2.20,3.46,2.59,1.52,4.52,5.22
2026-08-03,004,巴西杯,巴甲巴拉纳竞技,维多利亚巴甲,2-0,1.54,3.25,5.80,3.11,2.88,2.17,1.62,3.41,5.96
2026-08-04,002,欧冠,瑞超米亚尔比,布拉迪斯拉发斯超,1-2,1.95,3.24,3.25,4.02,3.70,1.64,2.16,3.17,3.43
2026-08-04,003,欧冠,希超奥林匹亚科斯,奈梅亨荷甲,0-0,1.40,4.22,5.60,2.22,3.55,2.52,1.55,4.17,5.37
2026-08-04,004,欧冠,比甲圣吉罗斯,博德闪耀挪超,3-3,2.25,3.60,2.46,4.52,4.30,1.48,2.46,3.47,2.67
2026-08-04,005,欧冠,捷甲布斯巴达,里昂法甲,2-1,3.45,3.48,1.81,1.75,3.52,3.65,2.99,3.49,2.24
2026-08-04,001,巴西杯,巴甲瑞模,桑托斯巴甲,0-1,3.38,2.95,2.02,1.62,3.30,4.80,2.86,3.04,2.50
2026-08-05,002,欧冠,丹超奥胡斯,沙巴巴库阿超,2-1,1.63,3.70,4.07,3.02,3.45,1.97,1.73,3.74,4.50
2026-08-05,003,欧冠,土超费内巴切,格拉茨风暴奥甲,2-0,1.25,5.05,7.60,1.84,3.72,3.15,1.30,5.62,8.64
2026-08-05,001,巴西杯,巴甲弗鲁米嫩塞,瓦斯科达伽马巴甲,1-3,1.87,2.90,4.00,4.60,3.10,1.70,2.09,3.03,3.67
2026-08-06,002,欧联,芬超库普斯,克拉约瓦罗甲,1-1,3.20,3.16,2.00,1.61,3.60,4.35,3.52,3.22,2.06
2026-08-06,003,欧联,波甲比亚韦,流浪者苏超,2-1,2.88,3.15,2.15,1.52,3.80,4.80,2.77,3.23,2.47
2026-08-06,004,欧联,希超塞萨洛尼基,安德莱赫特比甲,0-1,1.46,3.85,5.40,2.65,3.20,2.28,1.61,3.84,5.14
2026-08-06,001,巴西杯,巴甲维多利亚,巴拉纳竞技巴甲,4-0,2.44,3.10,2.52,5.78,4.04,1.41,2.24,3.03,3.32
2026-08-07,001,J联赛,[-]横滨水手,鹿岛鹿角[-],3-4,3.08,3.05,2.10,1.55,3.65,4.75,3.24,3.14,2.24
2026-08-07,002,J联赛,[-]大阪钢巴,浦和红钻[-],4-3,2.19,3.20,2.79,4.80,3.95,1.50,2.34,3.23,2.95
2026-08-07,003,芬超,塞伊奈,赫尔火花,2-2,1.95,3.60,2.95,3.80,3.90,1.64,1.99,3.71,3.24
2026-08-07,004,挪超,桑纳菲尤尔,KFUM奥斯陆,0-1,1.77,3.55,3.53,3.60,3.38,1.80,2.15,3.52,3.08
2026-08-07,005,荷甲,[-]坎布尔,SBV精英[-],0-4,2.36,3.50,2.38,5.15,4.23,1.43,2.62,3.44,2.54
2026-08-07,006,荷乙,[-]奥斯,布雷达[-],1-2,4.70,4.15,1.48,2.23,3.30,2.65,4.86,4.26,1.55
2026-08-07,007,荷乙,[-]埃门,罗达JC[-],1-0,2.35,3.35,2.47,4.85,4.46,1.43,2.55,3.59,2.41
2026-08-07,008,德乙,[-]波鸿,柏林赫塔[-],0-1,2.05,3.45,2.84,4.45,3.74,1.57,2.25,3.46,2.96
2026-08-07,009,英联杯,英冠米堡,雷克斯汉姆英冠,1-0,1.50,3.90,4.85,2.68,3.35,2.19,1.70,3.82,4.48
2026-08-07,010,葡超,[-]埃斯托里,法马利康[-],1-1,2.93,3.00,2.20,1.52,3.60,5.15,2.91,3.21,2.42
2026-08-08,001,J联赛,[-]大阪樱花,冈山绿雉[-],2-1,1.90,3.28,3.35,4.05,3.50,1.68,2.07,3.40,3.37
2026-08-08,002,J2联赛,[-]大宫松鼠,新泻天鹅[-],1-0,1.88,3.16,3.56,3.85,3.60,1.69,2.04,3.32,3.36
2026-08-08,003,K联赛,安养FC,大田市民,1-2,3.55,3.25,1.85,1.72,3.50,3.85,3.68,3.37,1.96
2026-08-08,004,K联赛,全北现代,济州联,1-3,1.67,3.32,4.35,3.40,3.10,1.95,1.84,3.38,4.12
2026-08-08,005,K联赛,金泉尚武,首尔FC,0-0,3.30,3.34,1.90,1.70,3.62,3.78,3.37,3.42,2.04
2026-08-08,006,挪超,瓦勒伦加,博德闪耀,1-2,5.15,4.75,1.38,2.58,4.05,2.02,5.35,4.82,1.47
2026-08-08,007,英联杯,英冠女王巡游,米尔沃尔英冠,1-1,2.20,3.25,2.72,1.34,4.45,6.30,2.47,3.40,2.66
2026-08-08,008,瑞典超,厄尔格里特,索尔纳,3-4,2.55,3.40,2.26,1.49,4.20,4.55,2.63,3.48,2.46
2026-08-08,009,英联杯,英超西汉姆,朴次茅斯英冠,3-1,1.26,4.90,7.60,1.88,3.72,3.05,1.40,4.62,7.00
2026-08-08,010,英联杯,英冠斯旺西,伯明翰英冠,0-1,2.84,3.20,2.15,1.53,3.80,4.70,2.86,3.36,2.32
2026-08-08,011,挪超,维京,萨普斯,2-1,1.27,5.30,6.50,1.82,4.05,3.00,1.37,5.24,6.51
2026-08-08,012,荷甲,[-]奈梅亨,特尔斯达[-],1-2,1.35,4.55,5.95,2.07,3.75,2.64,1.45,4.85,5.91
2026-08-08,013,葡超,[-]马里迪莫,卡萨皮亚[-],1-0,1.86,3.00,3.87,3.95,3.40,1.72,2.02,3.22,3.86
2026-08-08,014,瑞典超,米亚尔比,埃尔夫斯堡,0-1,2.62,3.12,2.34,6.00,4.50,1.35,2.73,3.19,2.54
2026-08-08,015,芬超,雅罗,瓦萨,1-3,4.00,3.55,1.68,1.89,3.40,3.28,4.11,3.54,1.80
2026-08-08,016,荷甲,[-]前进之鹰,威廉二[-],4-1,1.39,4.35,5.55,2.30,3.40,2.50,1.52,4.32,5.65
2026-08-08,017,葡超,[-]吉马良斯,阿罗卡[-],0-1,1.79,3.25,3.80,3.80,3.30,1.78,1.91,3.48,3.88
2026-08-08,019,法乙,[-]波城,阿纳西[-],0-1,2.64,3.05,2.37,1.45,3.98,5.30,2.63,3.23,2.58
2026-08-08,020,法乙,[-]蒙彼利埃,第戎[-],1-1,1.66,3.34,4.40,3.38,3.20,1.92,1.87,3.38,4.02
2026-08-08,021,法乙,[-]南特,圣旺红星[-],0-1,1.61,3.45,4.60,3.16,3.15,2.02,1.74,3.53,4.57
2026-08-08,022,荷甲,[-]阿尔克马,海牙[-],2-0,1.28,4.90,6.95,1.87,3.85,2.99,1.37,5.05,7.25
2026-08-08,023,巴西甲,格雷米奥,圣保罗,2-1,2.30,2.75,3.02,5.50,3.68,1.48,2.32,3.04,3.22
2026-08-08,025,巴西甲,博塔弗戈,弗鲁米嫩塞,1-1,2.20,3.00,2.93,5.00,3.75,1.51,2.28,3.14,3.20
2026-08-09,001,J联赛,[-]东京绿茵,川崎前锋[-],1-1,3.15,3.02,2.08,1.58,3.50,4.75,3.17,3.11,2.28
2026-08-09,002,J联赛,[-]长崎航海,京都不死鸟[-],2-1,3.13,3.10,2.05,1.58,3.27,5.25,3.29,3.16,2.20
2026-08-09,003,J2联赛,[-]山形山神,枥木Uva FC[-],2-0,2.21,3.10,2.83,5.00,3.80,1.50,2.42,3.25,2.71
2026-08-09,004,荷甲,[-]鹿特丹,费耶诺德[-],0-1,4.75,4.20,1.47,2.30,3.55,2.42,4.93,4.21,1.60
2026-08-09,005,德乙,[-]圣保利,菲尔特[-],1-1,1.50,3.90,4.85,2.69,3.25,2.22,1.68,3.94,4.55
2026-08-09,006,德乙,[-]纽伦堡,德累斯顿[-],3-0,2.21,3.20,2.75,4.85,3.83,1.51,2.40,3.40,2.79
2026-08-09,007,瑞典超,哈马比,赫根,3-0,1.46,4.32,4.70,2.33,3.65,2.35,1.51,4.63,5.08
2026-08-09,008,芬超,库普斯,TPS土尔库,1-1,1.40,4.35,5.40,2.37,3.34,2.45,1.54,4.16,5.22
2026-08-09,009,荷甲,[-]兹沃勒,阿贾克斯[-],0-2,5.95,4.65,1.34,2.70,3.90,1.99,5.92,4.63,1.47
2026-08-09,010,荷甲,[-]格罗宁根,乌德勒支[-],2-1,2.05,3.35,2.92,4.45,3.75,1.57,2.21,3.44,3.08
2026-08-09,011,挪超,利勒斯特,罗森博格,0-2,2.30,3.50,2.45,4.85,4.30,1.45,2.41,3.52,2.66
2026-08-09,012,芬超,国际图尔库,拉赫蒂,0-0,2.11,3.15,2.96,4.50,3.81,1.55,2.31,3.20,3.00
2026-08-09,013,瑞典超,哈尔姆斯塔德,哥德堡盖斯,0-2,5.20,3.90,1.47,2.25,3.33,2.60,4.91,3.93,1.62
2026-08-09,014,瑞典超,哥德堡,卡尔马,3-2,2.30,3.20,2.62,5.00,4.10,1.46,2.40,3.38,2.75
2026-08-09,015,荷甲,[-]海伦芬,特温特[-],1-0,3.00,3.70,1.90,1.68,3.85,3.65,3.13,3.77,2.07
2026-08-09,016,挪超,汉坎,奥勒松,1-1,1.92,3.60,3.03,3.75,3.70,1.69,2.07,3.72,3.11
2026-08-09,017,芬超,AC奥卢,赫尔辛,0-1,3.00,3.45,1.98,1.63,3.76,4.00,3.05,3.51,2.13
2026-08-09,019,挪超,克里斯蒂安松,莫尔德,2-1,4.30,4.05,1.54,2.16,3.60,2.57,4.58,4.06,1.64
2026-08-09,021,葡超,[-]吉维森特,里奥阿维[-],1-0,1.89,3.00,3.75,4.00,3.45,1.70,2.08,3.24,3.60
2026-08-09,022,葡超,[-]摩雷伦斯,布拉加[-],2-2,5.45,3.70,1.48,2.30,2.96,2.80,5.92,3.92,1.55
2026-08-09,023,巴西甲,桑托斯,巴拉纳竞技,0-2,2.01,2.90,3.50,4.60,3.50,1.60,2.09,3.22,3.55
2026-08-09,024,巴西甲,弗拉门戈,维多利亚,2-0,1.15,5.80,11.50,2.60,3.80,2.08,1.25,5.72,11.26
2026-08-10,001,瑞典超,天狼星,布鲁马波卡纳,2-2,1.20,5.65,8.40,1.70,4.00,3.43,1.41,4.69,6.64
2026-08-10,002,瑞典超,韦斯特罗斯,佐加顿斯,1-0,4.25,3.83,1.58,2.08,3.65,2.68,4.98,4.17,1.59
2026-08-10,003,葡超,[-]圣克拉拉,葡萄牙国民[-],2-2,1.68,3.15,4.62,3.43,3.10,1.94,1.89,3.16,4.55
2026-08-11,001,亚冠,K联江原FC,大阪钢巴J联,0-0,2.49,3.08,2.48,5.75,4.15,1.40,2.56,3.10,2.66
2026-08-11,002,欧冠,哈超阿拉木图凯拉特,索菲亚列夫斯基保超,0-1,2.60,2.90,2.50,7.00,3.90,1.37,3.27,3.00,2.34
2026-08-11,003,欧冠,挪超博德闪耀,圣吉罗斯比甲,2-2,1.48,4.30,4.52,2.50,3.44,2.28,1.67,4.11,4.48
2026-08-11,004,欧冠,阿超沙巴巴库,奥胡斯丹超,4-0,1.72,3.68,3.62,3.50,3.34,1.84,1.94,3.63,3.63
2026-08-11,005,欧冠,荷甲奈梅亨,奥林匹亚科斯希超,1-1,2.70,3.18,2.25,1.49,3.90,4.95,2.39,3.36,2.86
2026-08-11,006,欧冠,斯甲采列,亚美尼亚亚拉腊亚超,2-0,1.31,4.52,6.90,2.16,3.17,2.85,1.44,4.53,6.42
2026-08-11,007,欧冠,斯超布拉迪斯拉发,米亚尔比瑞超,2-0,1.68,3.60,3.90,3.28,3.40,1.89,1.85,3.60,4.02
2026-08-11,008,欧冠,奥甲格拉茨风暴,费内巴切土超,0-1,4.22,3.85,1.58,2.04,3.30,2.98,4.05,4.00,1.76
2026-08-11,009,欧冠,法甲里昂,布斯巴达捷甲,3-0,1.27,4.85,7.35,1.86,3.75,3.08,1.36,5.18,7.20
2026-08-11,010,解放者杯,巴甲弗鲁米嫩塞,门多萨独立阿甲,0-0,1.57,3.25,5.40,3.18,2.99,2.08,1.68,3.32,5.73
2026-08-12,001,欧洲超级杯,法甲巴黎圣曼,维拉英超,2-1,1.60,3.48,4.60,3.00,3.25,2.05,1.63,4.06,5.19
2026-08-12,002,解放者杯,阿甲普拉腾斯,科金博智甲,1-1,1.88,2.67,4.50,4.15,3.35,1.70,2.11,2.81,4.14
2026-08-12,003,解放者杯,巴甲帕尔梅拉斯,波特诺山丘巴甲,1-1,1.22,4.70,10.50,1.90,3.22,3.42,1.28,5.00,11.56
2026-08-13,001,沙特联,[-]艾卜哈,拉斯决心[-],1-2,2.42,3.00,2.62,5.60,4.05,1.42,2.63,3.25,2.54
2026-08-13,002,欧联,罗甲克拉约瓦,库普斯芬超,2-1,1.33,4.18,7.25,2.17,3.25,2.77,1.35,4.64,8.55
2026-08-13,003,欧联,塞甲AEP帕福斯,萨尔茨堡奥甲,3-3,2.90,3.35,2.06,1.57,3.78,4.40,2.95,3.48,2.26
2026-08-13,004,欧联,冰超维京人,图恩瑞超,3-2,2.25,3.65,2.43,4.70,4.15,1.48,2.18,3.75,2.85
2026-08-13,005,沙特联,[-]利雅青年,胡巴卡德[-],1-3,4.70,4.32,1.46,2.34,3.40,2.46,4.99,4.42,1.53
2026-08-13,006,欧联,苏超流浪者,比亚韦波甲,1-1,1.39,4.25,5.75,2.40,3.20,2.50,1.44,4.59,6.39
2026-08-13,007,欧联,比甲安德莱赫特,塞萨洛尼基希超,3-2,2.69,3.20,2.25,1.47,3.90,5.20,2.82,3.38,2.35
2026-08-13,008,欧联,苏超哈茨,本菲卡葡超,1-1,5.75,4.65,1.35,2.70,3.62,2.07,6.05,4.63,1.44
2026-08-13,009,解放者杯,巴甲迈拉索尔,基多大学厄甲,1-1,1.50,3.38,6.00,3.05,2.88,2.20,1.65,3.39,5.80
2026-08-13,010,解放者杯,阿甲罗萨里奥,科林蒂安巴甲,0-0,2.08,2.60,3.80,5.30,3.30,1.57,2.25,2.72,3.87
2026-08-14,001,J联赛,东京绿茵,柏太阳神,1-3,4.10,3.15,1.76,1.81,3.15,3.85,4.36,3.31,1.84
2026-08-14,002,芬超,瓦萨,TPS土尔库,1-3,1.61,3.65,4.30,3.05,3.30,2.01,1.70,3.74,4.45
2026-08-14,003,德乙,基尔,圣保利,2-2,2.38,3.23,2.50,5.40,4.16,1.42,2.55,3.46,2.58
2026-08-14,004,德乙,不伦瑞克,波鸿,0-1,2.18,3.20,2.80,4.75,3.90,1.51,2.47,3.42,2.67
2026-08-14,005,沙特联,[-]新未来城,迈季宽广[-],2-1,1.53,3.75,4.80,2.84,3.20,2.15,1.68,3.66,4.60
2026-08-14,006,瑞典超,埃尔夫斯堡,韦斯特罗斯,3-0,1.57,3.60,4.65,2.93,3.25,2.08,1.61,3.98,4.97
2026-08-14,007,挪超,罗森博格,维京,2-1,2.28,3.60,2.42,1.42,4.40,5.05,2.21,3.70,2.88
2026-08-14,008,沙特联,[-]达曼协定,利雅得[-],4-2,1.90,3.35,3.28,3.75,3.70,1.69,2.53,3.47,2.56
2026-08-14,010,荷甲,特尔斯达,鹿特丹,1-3,1.96,3.60,2.94,3.90,3.85,1.63,2.16,3.68,3.02
2026-08-14,011,荷乙,瓦尔韦克,多德勒支,2-2,1.74,3.50,3.72,3.32,3.60,1.82,1.80,3.69,3.82
2026-08-14,012,荷乙,赫拉克勒斯,登博思,3-2,1.46,4.30,4.71,2.43,3.53,2.30,1.49,4.46,5.28
2026-08-14,013,法乙,阿纳西,罗德兹,2-0,2.16,3.05,2.95,4.80,3.80,1.52,2.38,3.31,2.84
2026-08-14,014,法乙,兰斯,敦刻尔克,3-3,1.68,3.40,4.20,3.27,3.30,1.92,1.73,3.66,4.47
2026-08-14,015,法乙,圣埃蒂安,克莱蒙,3-1,1.33,4.40,6.70,2.20,3.28,2.70,1.43,4.42,6.78
2026-08-14,016,英冠,[-]狼队,布莱克本[-],2-2,1.38,4.05,6.35,2.30,3.40,2.50,1.50,4.15,6.31
2026-08-14,017,葡超,里斯本,吉马良斯,3-2,1.19,5.30,10.00,2.98,4.05,1.83,1.35,5.13,8.01
2026-08-15,001,J联赛,鹿岛鹿角,名古屋鲸,2-1,1.73,3.38,3.92,3.36,3.40,1.86,1.86,3.50,3.99
2026-08-15,002,J2联赛,秋田蓝色闪电,富山胜利,0-4,2.85,2.85,2.34,1.44,3.85,5.70,2.85,3.02,2.46
2026-08-15,003,J联赛,浦和红钻,广岛三箭,1-4,3.60,3.35,1.81,1.77,3.50,3.60,3.62,3.53,1.94
2026-08-15,004,J联赛,神户胜利,东京FC,2-2,2.03,3.12,3.16,4.56,3.55,1.59,2.25,3.18,3.16
2026-08-15,005,K联赛,首尔FC,大田市民,4-2,2.04,3.25,3.02,4.60,3.60,1.58,2.23,3.30,3.07
2026-08-15,006,K联赛,光州FC,浦项制铁,1-2,3.32,2.90,2.07,1.56,3.60,4.75,3.40,3.04,2.19
2026-08-15,007,德乙,柏林赫塔,海登海姆,4-1,2.40,3.40,2.40,5.30,4.25,1.42,2.48,3.57,2.59
2026-08-15,008,英冠,[-]博尔顿,普雷斯顿[-],2-1,2.15,3.08,2.95,4.75,3.85,1.52,2.31,3.25,3.05
2026-08-15,009,瑞典超,米亚尔比,天狼星,4-3,2.88,3.40,2.05,1.60,3.90,4.05,3.02,3.52,2.17
2026-08-15,010,英冠,[-]诺维奇,西布朗[-],1-2,1.87,3.25,3.48,3.72,3.55,1.73,1.97,3.47,3.69
2026-08-15,011,挪超,KFUM奥斯陆,利勒斯特,1-1,3.20,3.60,1.86,1.73,3.65,3.60,3.24,3.62,2.05
2026-08-15,012,荷甲,威廉二,奈梅亨,1-4,4.70,4.15,1.48,2.27,3.64,2.42,4.75,4.35,1.59
2026-08-15,013,葡超,艾华卡,阿马多拉,2-2,2.00,2.92,3.50,4.45,3.45,1.63,2.13,3.21,3.46
2026-08-15,014,芬超,玛丽港,塞伊奈,2-0,5.00,4.35,1.43,2.35,3.85,2.25,4.75,4.28,1.58
2026-08-15,015,沙特联,[-]布赖合作,赛哈海湾[-],0-0,1.84,3.50,3.35,3.55,3.75,1.72,2.10,3.42,3.21
2026-08-15,016,英冠,[-]谢菲联,伯明翰[-],0-0,2.19,3.10,2.86,4.70,4.00,1.50,2.25,3.28,3.16
2026-08-15,017,荷甲,乌德勒支,阿尔克马,1-4,2.58,3.53,2.18,1.51,4.00,4.60,2.84,3.56,2.30
2026-08-15,018,葡超,维塞乌,圣克拉拉,0-1,2.95,2.85,2.28,1.46,3.78,5.60,2.80,3.01,2.65
2026-08-15,019,西甲,[-]阿拉维斯,赫塔费[-],3-0,2.24,2.50,3.55,6.00,3.40,1.50,2.35,2.77,3.71
2026-08-15,020,沙特联,[-]吉达联合,拉斯永恒[-],1-1,1.36,4.40,6.00,2.15,3.55,2.62,1.57,3.94,5.07
2026-08-15,022,荷甲,SBV精英,埃因霍温,1-2,5.72,4.80,1.34,2.65,4.05,1.98,6.05,4.90,1.44
2026-08-15,023,荷甲,福图纳,坎布尔,3-1,1.52,4.10,4.40,2.65,3.42,2.18,1.61,4.22,4.76
2026-08-15,024,西甲,[-]塞维利亚,巴列卡诺[-],2-1,2.23,2.80,3.10,5.20,3.65,1.51,2.48,2.97,3.19
2026-08-15,025,葡超,里奥阿维,波尔图,0-2,8.55,4.70,1.25,3.10,3.56,1.90,8.16,4.75,1.36
2026-08-15,026,巴西甲,弗鲁米嫩塞,帕尔梅拉斯,3-2,2.77,2.65,2.57,1.38,4.10,6.20,2.92,3.08,2.49
2026-08-15,027,美职,皇家盐湖城,明尼苏达联,1-1,1.63,3.72,4.05,2.90,3.60,1.99,1.83,3.74,3.89
2026-08-16,001,J2联赛,德岛漩涡,鸟栖沙岩,0-0,2.60,2.95,2.47,6.30,4.15,1.37,2.69,2.91,2.68
2026-08-16,002,荷甲,海牙,格罗宁根,1-4,2.42,3.30,2.42,1.43,4.25,5.15,2.53,3.53,2.57
2026-08-16,003,K联赛,富川FC,全北现代,3-2,4.30,3.28,1.69,1.92,3.35,3.25,4.40,3.55,1.75
2026-08-16,004,K联赛,仁川联,金泉尚武,1-1,2.00,3.00,3.38,4.35,3.50,1.63,2.18,3.11,3.32
2026-08-16,005,瑞典超,布鲁马波卡纳,厄尔格里特,3-1,1.61,3.80,4.10,2.92,3.50,2.00,1.76,3.91,3.96
2026-08-16,006,瑞典超,代格福什,哥德堡,3-0,3.10,3.30,1.99,1.63,3.80,3.95,3.21,3.29,2.18
2026-08-16,007,瑞典超,佐加顿斯,索尔纳,1-3,1.31,4.80,6.35,1.97,3.70,2.85,1.39,4.91,6.59
2026-08-16,008,荷甲,特温特,兹沃勒,3-1,1.16,6.00,10.00,2.58,4.05,2.02,1.25,6.18,9.44
2026-08-16,009,荷甲,费耶诺德,前进之鹰,2-2,1.15,6.45,9.50,1.53,4.50,3.94,1.25,6.33,9.29
2026-08-16,010,挪超,奥勒松,瓦勒伦加,5-5,2.43,3.86,2.18,1.52,4.35,4.15,2.61,3.79,2.34
2026-08-16,011,社区盾杯,英超阿森纳,曼城英超,3-0,2.65,3.03,2.37,6.10,4.45,1.35,2.70,3.38,2.56
2026-08-16,012,芬超,AC奥卢,国际图尔库,2-3,2.95,3.16,2.11,1.56,3.75,4.50,2.97,3.26,2.28
2026-08-16,013,葡超,葡萄牙国民,埃斯托里,2-0,2.73,2.95,2.36,6.40,4.42,1.34,2.82,3.28,2.44
2026-08-16,014,瑞典超,卡尔马,哈马比,0-4,4.95,4.05,1.47,2.30,3.50,2.45,4.91,4.04,1.61
2026-08-16,015,瑞典超,哥德堡盖斯,马尔默,0-1,2.15,3.30,2.77,4.45,4.05,1.52,2.22,3.54,2.91
2026-08-16,016,荷甲,阿贾克斯,海伦芬,2-2,1.33,4.70,6.10,2.02,3.80,2.70,1.44,4.79,6.17
2026-08-16,017,英冠,[-]伯恩利,西汉姆[-],2-2,2.95,3.38,2.02,1.59,3.74,4.30,2.97,3.45,2.26
2026-08-16,018,西甲,[-]桑坦德竞技,比利亚雷[-],2-2,3.45,3.73,1.75,1.82,3.65,3.27,3.58,3.68,1.99
2026-08-16,019,挪超,莫尔德,特罗姆瑟,3-2,1.80,3.90,3.15,3.35,3.77,1.77,1.96,3.79,3.36
2026-08-16,020,挪超,布兰,汉坎,3-0,1.38,4.45,5.55,2.24,3.55,2.50,1.52,4.30,5.42
2026-08-16,021,挪超,萨普斯,桑纳菲尤尔,1-2,1.58,4.00,4.05,2.90,3.40,2.04,1.76,3.98,3.92
2026-08-16,022,西甲,[-]西班牙人,莱万特[-],3-0,1.97,2.94,3.55,4.20,3.50,1.65,2.09,3.24,3.70
2026-08-16,023,葡超,阿罗卡,摩雷伦斯,4-0,1.85,3.00,3.92,4.05,3.22,1.75,1.86,3.41,4.26
2026-08-16,024,挪超,腓特烈斯塔,克里斯蒂安松,1-0,1.65,3.66,4.00,3.25,3.30,1.93,1.75,3.74,4.25
2026-08-16,025,巴西甲,瓦斯科达伽马,桑托斯,0-3,1.77,3.40,3.70,3.52,3.50,1.79,1.92,3.39,3.93
2026-08-16,026,葡超,法马利康,马里迪莫,1-2,1.56,3.52,4.90,3.18,3.00,2.08,1.74,3.48,4.89
2026-08-16,028,美职,纽约城,费城联合,2-3,2.40,3.45,2.37,5.05,4.40,1.42,2.65,3.59,2.45
2026-08-17,001,芬超,赫尔火花,坦山猫,3-2,2.50,3.35,2.32,5.15,4.75,1.38,2.64,3.47,2.42
2026-08-17,002,瑞典超,赫根,哈尔姆斯塔德,1-0,1.22,5.40,8.05,1.71,4.00,3.40,1.32,5.41,7.54
2026-08-17,003,英冠,[-]加的夫城,雷克斯汉姆[-],1-1,2.37,3.14,2.57,5.15,4.25,1.43,2.45,3.47,2.69
2026-08-17,004,西甲,[-]拉科,埃尔切[-],1-1,1.98,2.90,3.60,4.60,3.40,1.62,2.23,3.09,3.52
2026-08-17,006,巴西甲,巴西国际,瑞模,1-1,1.41,3.95,6.00,2.44,3.15,2.49,1.47,4.21,6.67
2026-08-17,002,欧冠,保超索菲亚列夫斯基,雅典AEK希超,0-0,3.05,2.90,2.19,1.50,3.75,5.10,3.23,3.03,2.36
2026-08-17,003,欧冠,克甲萨格勒布迪纳摩,维京挪超,2-2,1.55,3.85,4.45,2.86,3.30,2.10,1.69,3.99,4.59
2026-08-17,004,欧冠,土超费内巴切,里昂法甲,1-1,1.85,3.34,3.45,3.70,3.60,1.72,2.04,3.47,3.51
2026-08-17,001,解放者杯,阿甲门多萨独立,弗鲁米嫩塞巴甲,1-1,2.44,2.58,3.02,6.10,4.00,1.40,2.46,2.88,3.14
2026-08-19,001,韩足总杯,K联安养FC,济州联K联,2-1,2.46,3.16,2.46,1.42,4.20,5.35,2.55,3.29,2.48
2026-08-19,002,西甲,[-]马竞,马拉加[-],2-0,1.22,4.80,9.85,1.77,3.70,3.40,1.42,4.71,7.49
2026-08-19,006,欧冠,苏超凯尔特人,林茨奥甲,3-0,1.60,3.70,4.30,2.90,3.40,2.04,1.78,3.91,4.09
2026-08-19,007,欧冠,荷甲奈梅亨,博德闪耀挪超,1-3,2.60,3.47,2.19,5.40,4.80,1.36,2.75,3.77,2.31
2026-08-19,008,欧冠,斯超布拉迪斯拉发,采列斯甲,1-1,1.66,3.60,4.02,3.02,3.60,1.92,1.82,3.62,4.23
2026-08-19,003,解放者杯,巴甲波特诺山丘,帕尔梅拉斯巴甲,0-1,5.15,3.00,1.66,1.96,3.16,3.30,4.82,3.19,1.81
2026-08-19,004,美职,纽约红牛,纳什维尔,0-1,2.80,3.22,2.17,1.54,4.00,4.35,2.65,3.69,2.37
2026-08-19,005,美职,科罗拉多急流,洛杉矶FC,1-0,2.46,3.22,2.43,1.43,4.10,5.36,2.19,3.59,3.03
2026-08-20,004,欧联,哈超阿拉木图凯拉特,安德莱赫特比甲,0-3,3.25,2.90,2.10,1.56,3.60,4.75,3.27,3.18,2.23
2026-08-20,005,欧联,瑞超米亚尔比,萨尔茨堡奥甲,0-1,4.20,3.70,1.61,2.04,3.30,2.97,4.25,3.87,1.74
2026-08-20,006,欧联,土超特拉布宗,费伦茨匈甲,0-1,1.50,3.85,4.95,2.72,3.28,2.19,1.65,3.90,4.90
2026-08-20,007,欧联,波甲波兹南,图恩瑞超,7-0,1.32,4.55,6.60,2.08,3.40,2.82,1.45,4.65,6.00
2026-08-20,001,沙特联,迈季宽广,利雅新月,0-3,11.00,5.95,1.15,2.10,3.72,2.60,10.70,5.90,1.23
2026-08-20,008,欧联,塞超贝尔格莱德红星,比尔森捷甲,3-0,1.61,3.70,4.20,3.05,3.30,2.01,1.66,4.04,4.63
2026-08-20,002,西甲,巴列卡诺,阿拉维斯,1-1,2.07,2.84,3.40,5.05,3.35,1.58,2.40,3.04,3.23
2026-08-20,003,解放者杯,巴甲科林蒂安,罗萨里奥阿甲,1-0,1.86,2.67,4.60,4.62,3.05,1.71,2.20,2.80,3.89
2026-08-21,001,J联赛,柏太阳神,长崎航海,4-2,1.34,4.30,6.65,2.16,3.35,2.72,1.45,4.38,6.46
2026-08-21,002,J联赛,东京FC,千叶市原,2-0,1.42,3.95,5.80,2.33,3.40,2.46,1.48,4.30,5.99
2026-08-21,003,沙特联,利雅得,利雅得胜利,0-4,10.00,6.00,1.16,2.08,3.92,2.54,9.81,6.04,1.23
2026-08-21,004,芬超,塞伊奈,拉赫蒂,1-2,2.55,3.12,2.40,5.45,4.65,1.37,2.82,3.44,2.31
2026-08-21,005,瑞典超,天狼星,赫根,0-3,1.58,4.00,4.05,2.75,3.60,2.05,1.76,4.06,3.91
2026-08-21,006,沙特联,胡巴卡德,吉达联合,0-1,1.33,4.85,5.85,2.05,3.55,2.78,1.35,5.34,6.50
2026-08-21,007,法乙,敦刻尔克,蒙彼利埃,0-1,2.20,3.05,2.88,4.85,3.85,1.51,2.26,3.45,2.91
2026-08-21,008,荷乙,登博思,埃因FC,5-2,2.13,3.37,2.75,4.20,4.20,1.53,2.13,3.68,2.91
2026-08-21,009,法甲,[-]马赛,斯特拉斯[-],4-0,1.65,3.50,4.20,3.03,3.40,1.98,1.72,4.04,4.34
2026-08-21,011,西甲,[-]贝蒂斯,皇家社会[-],1-0,1.87,3.26,3.47,4.02,3.30,1.73,2.12,3.44,3.42
2026-08-22,001,J联赛,鹿岛鹿角,福冈黄蜂,3-2,1.79,2.95,4.33,3.85,3.25,1.78,1.88,3.23,4.33
2026-08-22,002,J2联赛,秋田蓝色闪电,甲府风林,3-0,2.16,2.85,3.17,4.95,3.65,1.53,2.24,2.93,3.34
2026-08-22,003,J联赛,大阪樱花,清水鼓动,1-0,2.10,3.20,2.94,4.45,3.85,1.55,2.35,3.22,2.96
2026-08-22,004,J2联赛,磐田喜悦,德岛漩涡,2-1,2.45,2.85,2.70,5.90,4.00,1.41,2.56,3.03,2.72
2026-08-22,005,K联赛,全北现代,蔚山现代,1-0,1.96,3.40,3.08,3.95,3.80,1.63,2.11,3.44,3.15
2026-08-22,006,K联赛,安养FC,首尔FC,0-7,3.80,3.40,1.75,1.83,3.35,3.52,4.01,3.46,1.84
2026-08-22,007,英超,[-]赫尔城,曼联[-],2-0,9.20,5.15,1.21,3.40,3.85,1.74,8.36,5.03,1.35
2026-08-22,008,英冠,米尔沃尔,诺维奇,3-0,2.57,3.18,2.35,5.90,4.25,1.38,2.67,3.37,2.55
2026-08-22,009,瑞典超,厄尔格里特,哈尔姆斯塔德,1-1,1.80,3.47,3.50,3.45,3.60,1.78,1.91,3.67,3.58
2026-08-22,010,英超,[-]埃弗顿,水晶宫[-],2-0,2.07,3.12,3.07,4.75,3.60,1.56,2.27,3.36,3.16
2026-08-22,011,英超,[-]诺丁汉森林,利兹联[-],0-1,2.15,3.10,2.93,4.65,3.85,1.53,2.41,3.22,3.02
2026-08-22,012,英超,[-]伊普斯,桑德兰[-],2-1,2.52,3.05,2.47,5.90,4.25,1.38,2.78,3.21,2.59
2026-08-22,013,英冠,斯旺西,谢菲联,0-0,2.55,3.05,2.45,5.80,4.20,1.39,2.62,3.27,2.63
2026-08-22,014,荷甲,福图纳,阿尔克马,0-2,4.80,4.50,1.43,2.40,3.55,2.32,4.96,4.29,1.58
2026-08-22,015,葡超,马里迪莫,维塞乌,2-2,1.90,3.00,3.70,4.15,3.42,1.68,2.01,3.23,3.81
2026-08-22,016,西甲,[-]毕尔巴鄂,塞维利亚,1-3,1.61,3.33,4.80,3.52,2.90,2.00,1.74,3.56,4.99
2026-08-22,017,法甲,[-]朗斯,欧塞尔[-],5-2,1.35,4.35,6.30,2.10,3.65,2.64,1.48,4.47,6.47
2026-08-22,018,英超,[-]布伦特,热刺[-],3-0,2.02,3.50,2.87,4.20,3.81,1.59,2.11,3.69,3.26
2026-08-22,019,意甲,[-]乌迪内斯,科莫[-],1-1,4.85,3.50,1.57,2.05,3.15,3.10,4.94,3.55,1.75
2026-08-22,021,西甲,[-]巴伦西亚,塞尔塔[-],0-0,2.40,2.82,2.80,5.65,3.95,1.43,2.44,3.11,3.07
2026-08-22,022,德超杯,德甲多特蒙德,拜仁德甲,1-2,4.32,4.40,1.49,2.22,3.95,2.35,4.84,4.50,1.58
2026-08-22,023,意甲,[-]热那亚,那不勒斯[-],0-2,3.88,3.02,1.85,1.75,3.28,3.95,4.12,3.11,2.04
2026-08-22,024,意甲,[-]帕尔马,卡利亚里[-],0-1,2.34,2.72,3.00,5.70,3.72,1.46,2.79,2.91,2.82
2026-08-22,025,法甲,[-]尼斯,洛里昂[-],0-0,2.00,3.20,3.16,4.35,3.60,1.61,2.33,3.25,3.11
2026-08-22,026,法甲,[-]图卢兹,里昂[-],0-2,2.23,3.23,2.69,1.35,4.45,6.10,2.43,3.43,2.93
2026-08-22,027,西甲,西班牙人,皇马[-],1-2,7.40,4.70,1.28,2.93,3.60,1.96,7.28,4.81,1.41
2026-08-22,028,美职,温哥华白帽,达拉斯FC,5-0,1.39,4.35,5.55,2.16,3.65,2.55,1.38,5.06,6.90
2026-08-23,001,荷甲,前进之鹰,海牙,3-1,1.54,4.05,4.28,2.49,3.80,2.15,1.67,4.08,4.46
2026-08-23,002,J联赛,町田泽维亚,浦和红钻,3-1,1.76,3.25,3.95,3.35,3.55,1.82,1.85,3.43,4.13
2026-08-23,003,K联赛,大田市民,江原FC,3-0,2.20,3.00,2.93,5.10,3.75,1.50,2.30,3.09,3.09
2026-08-23,004,英冠,西布朗,伯恩利,3-1,2.45,3.00,2.58,1.38,4.30,5.80,2.49,3.26,2.79
2026-08-23,005,德国杯,德乙菲尔特,波鸿德乙,1-2,3.06,3.30,2.00,1.62,3.82,4.00,2.94,3.39,2.26
2026-08-23,006,瑞典超,哥德堡,埃尔夫斯堡,1-1,2.49,3.33,2.34,1.45,4.10,5.10,2.58,3.36,2.56
2026-08-23,007,芬超,赫尔辛,赫尔火花,2-3,1.47,4.20,4.75,2.42,3.60,2.28,1.59,4.18,4.68
2026-08-23,008,荷甲,埃因霍温,格罗宁根,5-1,1.20,5.85,8.00,1.61,4.40,3.56,1.28,6.07,8.34
2026-08-23,009,英超,[-]曼城,伯恩茅斯[-],2-1,1.36,4.55,5.75,2.02,3.95,2.62,1.45,4.77,6.28
2026-08-23,010,法甲,[-]昂热,里尔[-],0-2,4.85,3.35,1.60,2.03,3.20,3.08,4.74,3.61,1.75
2026-08-23,011,德国杯,德乙不伦瑞克,柏林联合德甲,2-4,3.40,3.40,1.85,1.72,3.85,3.47,3.43,3.57,1.98
2026-08-23,012,葡超,吉马良斯,葡萄牙国民,1-0,1.52,3.65,5.05,2.84,3.10,2.20,1.61,3.86,5.34
2026-08-23,013,瑞典超,哈马比,哥德堡盖斯,2-0,1.27,4.95,7.15,1.87,3.68,3.10,1.38,4.92,6.74
2026-08-23,014,荷甲,坎布尔,费耶诺德,2-5,12.00,6.90,1.11,2.34,4.15,2.17,10.62,6.54,1.22
2026-08-23,015,西甲,马竞,比利亚雷,2-2,1.66,3.55,4.08,3.15,3.35,1.95,1.81,3.79,4.18
2026-08-23,016,法甲,[-]勒阿弗尔,摩纳哥[-],0-1,3.48,3.35,1.84,1.74,3.65,3.56,3.78,3.58,1.95
2026-08-23,017,英超,[-]纽卡斯尔,利物浦[-],2-2,3.52,3.84,1.71,1.90,3.80,2.94,3.66,3.86,1.91
2026-08-23,018,意甲,[-]弗洛西诺内,尤文[-],0-1,7.20,4.65,1.29,2.88,3.45,2.03,7.02,4.62,1.43
2026-08-23,019,意甲,[-]威尼斯,莱切[-],0-2,1.92,2.85,3.88,4.30,3.28,1.69,1.90,3.42,4.33
2026-08-23,020,葡超,圣克拉拉,法马利康,1-0,2.59,2.65,2.73,6.45,4.00,1.38,2.78,2.95,2.71
2026-08-23,021,西甲,赫塔费,桑坦德竞技,1-0,2.05,2.80,3.51,4.65,3.55,1.58,2.25,3.06,3.53
2026-08-23,022,意甲,[-]都灵,AC米兰[-],1-2,4.18,3.32,1.70,1.91,3.32,3.28,4.42,3.40,1.86
2026-08-23,023,意甲,[-]亚特兰大,萨索洛[-],2-1,1.41,4.08,5.70,2.37,3.28,2.49,1.52,4.35,5.99
2026-08-23,024,西甲,埃尔切,巴萨[-],0-5,8.75,5.50,1.20,3.50,4.10,1.67,8.21,5.50,1.33
2026-08-23,025,葡超,波尔图,阿罗卡,2-0,1.15,5.70,11.80,2.75,3.76,2.00,1.27,5.53,10.23
2026-08-23,026,美职,新英格兰革命,纽约城,1-1,2.11,3.35,2.80,4.25,3.90,1.57,2.18,3.55,3.02
2026-08-23,027,巴西甲,桑托斯,迈拉索尔,1-1,1.66,3.45,4.22,3.45,3.02,1.97,1.77,3.60,4.43
2026-08-24,001,意甲,[-]博洛尼亚,拉齐奥[-],0-1,2.08,2.85,3.36,4.75,3.55,1.57,2.40,3.04,3.23
2026-08-24,002,沙特联,新未来城,胡巴卡德,0-2,5.00,4.45,1.42,2.40,3.70,2.26,5.73,4.51,1.45
2026-08-24,003,瑞典超,马尔默,佐加顿斯,0-3,2.52,3.60,2.20,1.51,4.20,4.40,2.62,3.52,2.45
2026-08-24,004,西甲,[-]奥萨苏纳,莱万特,0-0,1.62,3.36,4.66,3.20,3.22,1.98,1.89,3.41,4.29
2026-08-24,005,沙特联,吉达联合,拉斯决心,3-2,1.35,4.45,6.10,2.14,3.48,2.67,1.55,4.24,5.05
2026-08-24,006,意甲,[-]罗马,佛罗伦萨[-],4-0,1.56,3.55,4.85,2.90,3.30,2.08,1.69,3.78,5.06
2026-08-24,007,法乙,兰斯,阿纳西,3-1,1.62,3.45,4.50,3.18,3.25,1.97,1.87,3.44,3.98
2026-08-24,008,英超,[-]富勒姆,切尔西[-],2-3,3.90,3.55,1.69,1.90,3.35,3.30,3.61,3.55,2.02
2026-08-24,009,葡超,吉维森特,卡萨皮亚,2-0,1.53,3.40,5.50,2.90,3.13,2.15,1.74,3.40,5.02
2026-08-24,010,西甲,马拉加,拉科,1-1,2.28,2.70,3.12,5.30,3.77,1.48,2.39,3.05,3.24
2026-08-24,011,巴西甲,博塔弗戈,巴拉纳竞技,2-3,2.21,2.90,3.02,5.40,3.50,1.52,2.36,3.22,2.99
2026-08-25,001,K联赛,金泉尚武,全北现代,0-0,3.18,3.18,2.00,1.63,3.65,4.13,3.14,3.28,2.18
2026-08-25,002,K联赛,济州联,浦项制铁,1-2,2.13,2.98,3.08,4.75,3.65,1.55,2.38,3.07,2.98
2026-08-25,003,沙特联,达曼协定,利雅得胜利,2-3,9.75,6.35,1.15,2.10,3.85,2.54,9.12,6.45,1.23
2026-08-25,004,英联杯,英冠斯托克城,赫尔城英超,1-1,2.70,3.08,2.30,1.47,4.10,4.88,2.25,3.31,3.14
2026-08-25,005,欧冠,奥甲林茨,凯尔特人苏超,4-1,1.82,3.80,3.16,3.35,3.85,1.75,1.88,3.98,3.57
2026-08-25,006,欧冠,挪超博德闪耀,奈梅亨荷甲,3-0,1.37,4.80,5.25,2.06,3.86,2.60,1.51,4.87,5.13
2026-08-25,007,英联杯,英超诺丁汉森林,利兹联英超,0-2,2.00,3.15,3.21,4.20,3.65,1.62,2.47,3.27,2.79
2026-08-25,008,英联杯,英冠伯明翰,布伦特英超,1-6,4.40,3.84,1.56,2.08,3.40,2.82,4.15,3.64,1.81
2026-08-25,009,西甲,巴伦西亚,贝蒂斯,0-1,2.67,3.05,2.34,1.46,3.85,5.40,2.65,3.23,2.72
2026-08-26,001,K联赛,大田市民,蔚山现代,2-1,2.05,3.30,2.95,4.25,3.90,1.57,2.20,3.51,2.94
2026-08-26,002,K联赛,安养FC,仁川联,2-1,3.70,3.20,1.83,1.75,3.40,3.80,3.79,3.26,1.96
2026-08-26,003,英联杯,英超热刺,查尔顿英冠,5-1,1.12,6.85,11.00,2.32,4.05,2.22,1.14,7.95,15.99
2026-08-26,004,英联杯,英超纽卡斯尔,西布朗英冠,3-2,1.23,5.30,7.80,1.80,3.70,3.30,1.29,5.69,8.71
2026-08-26,005,欧冠,希超雅典AEK,索菲亚列夫斯基保超,4-0,1.34,4.15,7.10,2.30,3.05,2.73,1.46,4.17,7.19
2026-08-26,006,欧冠,斯甲采列,布拉迪斯拉发斯超,1-1,2.26,3.03,2.80,4.95,3.90,1.49,2.62,3.23,2.70
2026-08-26,007,欧冠,挪超维京,萨格勒布迪纳摩克甲,3-1,2.23,3.30,2.65,4.75,4.05,1.49,2.43,3.51,2.71
2026-08-26,008,欧冠,法甲里昂,费内巴切土超,1-2,1.77,3.42,3.68,3.52,3.50,1.79,1.99,3.54,3.64
2026-08-26,009,英联杯,英冠普雷斯顿,埃弗顿英超,0-4,6.30,4.25,1.36,2.58,3.62,2.15,8.23,5.13,1.33
2026-08-26,010,西甲,皇马,皇家社会,4-1,1.14,6.30,10.75,1.49,4.50,4.25,1.23,7.02,11.79
2026-08-26,011,巴西杯,巴甲帕尔梅拉斯,桑托斯巴甲,3-0,1.46,3.70,5.80,2.70,3.05,2.32,1.46,3.97,7.04
2026-08-26,012,巴西杯,巴甲瓦斯科达伽马,维多利亚巴甲,1-0,1.50,3.50,5.65,2.76,3.20,2.20,1.60,3.55,5.81
2026-08-27,001,欧联,捷甲比尔森,贝尔格莱德红星塞超,4-1,2.03,3.65,2.76,3.98,3.90,1.61,2.05,3.74,3.20
2026-08-27,002,欧联,塞甲奥莫尼亚,圣图尔登比甲,4-2,1.90,3.15,3.50,3.92,3.50,1.70,2.06,3.43,3.44
2026-08-27,003,欧联,奥甲萨尔茨堡,米亚尔比瑞超,3-0,1.17,5.75,10.00,2.56,3.88,2.08,1.24,6.11,10.36
2026-08-27,004,欧联,丹超奥胡斯,本菲卡葡超,1-3,6.75,5.00,1.28,2.95,3.88,1.88,6.69,5.12,1.38
2026-08-27,005,欧联,匈甲费伦茨,特拉布宗土超,4-0,2.80,3.28,2.14,1.53,3.85,4.62,3.13,3.61,2.12
2026-08-27,006,欧联,比甲安德莱赫特,阿拉木图凯拉特哈超,3-0,1.26,4.65,8.25,1.85,3.70,3.15,1.30,5.37,8.90
2026-08-27,007,西甲,塞尔塔,奥萨苏纳,1-2,1.78,3.03,4.20,3.82,3.15,1.82,1.89,3.32,4.50
2026-08-27,008,西甲,巴萨,毕尔巴鄂,2-0,1.11,6.75,12.50,1.43,4.55,4.75,1.25,6.46,10.69
2026-08-27,009,巴西杯,巴甲巴西国际,格雷米奥巴甲,0-0,1.81,2.80,4.55,3.95,3.15,1.79,1.82,3.20,4.64
2026-08-28,001,德乙,不伦瑞克,柏林赫塔,3-5,2.82,3.35,2.10,1.56,3.95,4.25,2.71,3.51,2.40
2026-08-28,002,德乙,波鸿,奥斯纳,0-1,1.59,3.78,4.25,2.73,3.70,2.03,1.82,3.73,3.96
2026-08-28,003,西甲,桑坦德竞技,埃尔切,3-2,1.90,3.35,3.30,3.75,3.65,1.70,1.99,3.59,3.67
2026-08-28,004,沙特联,赛哈海湾,利雅新月,1-5,11.00,6.20,1.14,2.10,4.10,2.45,9.28,5.60,1.26
2026-08-28,005,法乙,蒙彼利埃,布洛涅,0-0,1.58,3.40,4.95,3.08,3.15,2.05,1.76,3.39,4.75
2026-08-28,006,荷甲,格罗宁根,福图纳,2-3,1.35,4.65,5.75,2.10,3.60,2.67,1.49,4.52,5.78
2026-08-28,007,荷乙,罗达JC,布雷达,2-2,3.05,3.43,1.96,1.66,3.85,3.75,3.10,3.46,2.12
2026-08-28,008,德甲,[-]拜仁,斯图加特[-],5-1,1.12,7.25,10.10,2.03,4.52,2.41,1.23,7.12,9.83
2026-08-28,009,意甲,AC米兰,威尼斯,2-0,1.32,4.30,7.20,2.09,3.52,2.73,1.47,4.51,6.54
2026-08-28,010,法甲,里尔,巴黎圣曼,2-2,4.65,3.90,1.52,2.20,3.65,2.50,4.63,3.86,1.72
2026-08-28,011,英超,水晶宫,曼城,1-4,4.75,3.90,1.51,2.20,3.65,2.50,5.11,4.12,1.63
2026-08-28,012,英冠,雷克斯汉姆,伯明翰,1-2,2.17,2.95,3.03,5.00,3.75,1.51,2.20,3.20,3.35
2026-08-28,013,葡超,里奥阿维,里斯本,0-4,8.90,5.45,1.20,3.48,3.85,1.72,8.37,5.18,1.32
2026-08-28,014,西甲,阿拉维斯,比利亚雷,1-0,3.08,3.20,2.03,1.61,3.55,4.42,3.08,3.44,2.28
2026-08-29,001,J联赛,水户蜀葵,町田泽维亚,1-1,4.25,3.35,1.68,1.89,3.35,3.32,4.12,3.38,1.87
2026-08-29,002,J联赛,清水鼓动,柏太阳神,0-1,4.20,3.50,1.65,1.98,3.45,3.00,4.28,3.52,1.81
2026-08-29,003,J2联赛,大宫松鼠,湘南海洋,2-2,1.99,3.30,3.10,4.13,3.75,1.61,2.23,3.29,3.00
2026-08-29,004,K联赛,蔚山现代,金泉尚武,3-1,2.00,3.28,3.08,4.20,3.70,1.61,2.18,3.41,3.05
2026-08-29,005,德乙,卡尔斯鲁厄,沃尔夫斯堡,2-5,2.98,3.45,1.99,1.62,4.10,3.74,3.09,3.62,2.14
2026-08-29,006,英超,利物浦,诺丁汉森林,2-2,1.35,4.50,6.00,2.02,3.80,2.70,1.46,4.73,6.32
2026-08-29,007,英冠,狼队,斯托克城,4-1,1.55,3.65,4.75,2.65,3.65,2.10,1.64,3.94,5.00
2026-08-29,008,瑞典超,埃尔夫斯堡,代格福什,2-0,1.44,3.88,5.65,2.35,3.55,2.37,1.55,3.97,5.60
2026-08-29,009,德甲,[-]艾禾斯堡,勒沃库森[-],3-2,4.85,4.30,1.45,2.35,3.95,2.22,5.08,4.40,1.58
2026-08-29,010,德甲,[-]莱比锡,门兴[-],3-0,1.41,4.35,5.25,2.13,3.95,2.46,1.55,4.47,5.25
2026-08-29,011,德甲,[-]柏林联合,法兰克福[-],3-3,2.66,3.40,2.18,5.60,4.75,1.35,2.59,3.58,2.55
2026-08-29,012,德甲,[-]科隆,霍芬海姆[-],3-2,2.98,3.62,1.93,1.66,3.82,3.78,3.04,3.65,2.19
2026-08-29,013,德甲,[-]美因茨,帕德博恩[-],0-0,1.37,4.45,5.75,2.05,3.96,2.57,1.55,4.41,5.43
2026-08-29,014,英超,考文垂,赫尔城,0-1,1.55,3.72,4.65,2.90,3.25,2.10,1.74,3.76,4.70
2026-08-29,015,英超,伯恩茅斯,埃弗顿,1-1,1.94,3.30,3.22,3.85,3.80,1.65,2.16,3.46,3.32
2026-08-29,016,西甲,莱万特,贝蒂斯,5-2,3.20,3.30,1.95,1.64,3.65,4.08,3.15,3.35,2.28
2026-08-29,017,法甲,斯特拉斯,朗斯,2-1,3.75,3.80,1.67,1.91,3.80,2.92,3.85,3.78,1.88
2026-08-29,019,英超,热刺,纽卡斯尔,0-2,1.93,3.70,2.94,3.72,3.95,1.65,2.18,3.69,3.10
2026-08-29,020,德甲,[-]多特蒙德,汉堡[-],2-0,1.24,5.10,7.85,1.77,3.92,3.23,1.33,5.48,8.15
2026-08-29,021,意甲,蒙扎,乌迪内斯,2-3,2.95,2.75,2.35,1.44,3.85,5.70,2.95,3.08,2.55
2026-08-29,022,意甲,佛罗伦萨,弗洛西诺内,0-3,1.52,3.75,4.90,2.73,3.35,2.15,1.72,3.91,4.63
2026-08-29,023,意甲,萨索洛,都灵,2-1,2.17,2.90,3.10,4.90,3.80,1.51,2.26,3.26,3.25
2026-08-29,024,荷甲,阿尔克马,前进之鹰,5-2,1.22,5.65,7.55,1.73,4.05,3.28,1.33,5.51,7.54
2026-08-29,025,西甲,皇家社会,西班牙人,2-1,1.69,3.45,4.05,3.42,3.20,1.91,1.86,3.68,4.12
2026-08-29,026,葡超,维塞乌,波尔图,0-3,11.25,5.60,1.16,3.90,3.85,1.63,9.58,5.10,1.30
2026-08-29,027,意甲,尤文,帕尔马,2-0,1.11,6.40,14.00,2.55,3.80,2.11,1.21,6.26,14.31
2026-08-29,028,西甲,塞维利亚,马竞,1-3,3.75,3.25,1.80,1.80,3.35,3.65,4.08,3.43,1.94
2026-08-29,029,美职,华盛顿联,洛杉矶FC,0-0,3.50,3.55,1.78,1.78,3.65,3.40,3.72,3.71,1.88
2026-08-30,001,荷甲,乌德勒支,埃因霍温,1-6,5.35,4.95,1.35,2.63,4.20,1.96,5.55,4.98,1.46
2026-08-30,002,K联赛,济州联,大田市民,3-1,3.65,3.22,1.84,1.73,3.50,3.77,3.62,3.39,1.96
2026-08-30,003,K联赛,仁川联,全北现代,1-1,2.77,3.00,2.30,1.46,3.90,5.35,2.87,3.06,2.47
2026-08-30,004,德乙,圣保利,凯泽斯劳滕,1-2,1.65,3.72,3.93,3.09,3.45,1.94,1.78,3.76,4.13
2026-08-30,005,瑞典超,索尔纳,哈马比,3-2,7.05,5.00,1.27,2.98,3.75,1.90,6.90,5.00,1.37
2026-08-30,007,挪超,博德闪耀,罗森博格,4-2,1.20,5.85,8.00,1.63,4.30,3.53,1.31,5.70,7.27
2026-08-30,008,英超,桑德兰,富勒姆,1-0,2.13,3.15,2.92,4.70,3.80,1.53,2.26,3.29,3.25
2026-08-30,009,英超,利兹联,布伦特,1-1,2.80,3.10,2.23,6.50,4.75,1.31,2.78,3.40,2.51
2026-08-30,010,法甲,巴黎FC,尼斯,3-0,1.77,3.30,3.85,3.85,3.20,1.80,1.96,3.41,3.96
2026-08-30,011,德甲,[-]弗赖堡,不来梅[-],4-1,1.57,3.75,4.42,2.78,3.55,2.05,1.82,3.72,4.23
2026-08-30,012,荷甲,特尔斯达,阿贾克斯,0-4,5.15,4.55,1.40,2.50,4.00,2.09,5.53,4.78,1.48
2026-08-30,018,挪超,维京,奥勒松,2-1,1.16,6.30,9.20,2.36,4.35,2.10,1.27,6.21,8.04
2026-08-30,014,英超,曼联,伊普斯,5-2,1.26,5.20,7.00,1.80,3.88,3.16,1.35,5.38,7.79
2026-08-30,015,德甲,[-]奥格斯堡,沙尔克[-],3-0,1.96,3.35,3.12,4.00,3.76,1.63,2.24,3.53,3.03
2026-08-30,016,意甲,那不勒斯,科莫,1-2,2.22,2.90,3.00,5.20,3.70,1.50,2.35,3.08,3.30
2026-08-30,017,西甲,拉科,巴伦西亚,3-1,2.45,2.75,2.80,6.10,3.90,1.41,2.71,2.99,2.86
2026-08-30,018,荷甲,坎布尔,特温特,1-4,8.75,5.50,1.20,3.45,4.15,1.67,8.11,5.80,1.30
2026-08-30,019,意甲,拉齐奥,热那亚,1-0,1.97,2.92,3.58,4.60,3.40,1.62,2.27,2.95,3.65
2026-08-30,020,意甲,卡利亚里,国际米兰,0-1,8.30,4.65,1.26,3.05,3.60,1.91,7.84,4.70,1.40
2026-08-30,021,法甲,摩纳哥,马赛,2-0,2.00,3.55,2.88,4.05,3.85,1.61,2.22,3.50,3.14
2026-08-30,022,巴西甲,弗拉门戈,博塔弗戈,3-0,1.22,5.10,8.80,1.80,3.60,3.38,1.29,5.46,9.28
2026-08-30,023,西甲,塞尔塔,毕尔巴鄂,0-2,2.55,2.80,2.63,6.05,4.10,1.39,2.77,3.08,2.71
2026-08-30,024,葡超,法马利康,吉维森特,0-0,1.96,2.96,3.55,4.35,3.36,1.66,1.89,3.22,4.38
2026-08-30,025,美职,圣路易斯市,达拉斯FC,3-3,1.94,3.46,3.08,3.70,3.85,1.67,2.20,3.59,2.96
2026-08-31,001,芬超,国际图尔库,库普斯,1-0,2.10,3.02,3.10,4.60,3.75,1.55,2.23,3.23,3.10
2026-08-31,002,芬超,赫尔火花,TPS土尔库,1-1,1.77,3.70,3.40,3.33,3.70,1.79,1.98,3.74,3.25
2026-08-31,003,意甲,莱切,罗马,0-4,7.20,4.10,1.34,2.74,3.52,2.08,7.34,4.33,1.46
2026-08-31,004,瑞典超,佐加顿斯,米亚尔比,4-0,1.35,4.60,5.90,2.06,3.75,2.65,1.45,4.67,5.90
2026-08-31,005,瑞典超,天狼星,马尔默,0-1,1.57,4.15,3.98,2.65,3.78,2.05,1.69,4.18,4.11
2026-08-31,006,西甲,奥萨苏纳,赫塔费,1-0,2.00,2.65,4.00,5.00,3.17,1.63,2.16,2.87,4.13
2026-08-31,007,意甲,亚特兰大,博洛尼亚,1-0,1.78,3.25,3.85,3.60,3.45,1.78,1.86,3.58,4.20
2026-08-31,008,法乙,第戎,圣埃蒂安,2-3,5.25,3.75,1.49,2.21,3.45,2.58,4.89,3.67,1.67
2026-08-31,009,英超,维拉,阿森纳,0-1,6.20,4.10,1.38,2.58,3.58,2.16,6.59,4.45,1.49
2026-08-31,011,葡超,布拉加,吉马良斯,1-0,1.62,3.52,4.40,3.25,3.20,1.97,1.82,3.38,4.53
2026-09-01,001,沙特联,利雅新月,吉达国民,3-0,1.35,4.60,5.85,2.05,3.80,2.65,1.53,4.30,5.17
2026-09-01,002,英冠,斯旺西,沃特福德,2-0,1.66,3.60,4.02,3.15,3.40,1.93,1.85,3.57,4.08
2026-09-01,003,英冠,西汉姆,狼队,4-2,1.95,3.50,3.02,3.72,4.00,1.64,2.17,3.58,3.08
2026-09-01,004,英冠,朴次茅斯,德比郡,0-2,1.88,3.06,3.70,3.80,3.55,1.71,2.04,3.35,3.60
2026-09-01,005,英冠,林肯城,布莱克本,0-0,2.18,3.20,2.80,4.65,3.92,1.52,2.33,3.35,2.94
2026-09-01,006,英冠,普雷斯顿,布里斯托,1-3,2.89,3.16,2.14,6.50,4.85,1.30,2.75,3.37,2.46
2026-09-01,007,英冠,谢菲联,博尔顿,3-2,1.46,3.95,5.25,2.45,3.55,2.28,1.64,3.91,4.97
2026-09-01,008,英冠,伯明翰,南安普敦,1-1,2.45,3.16,2.47,5.35,4.40,1.40,2.66,3.45,2.51
2026-09-01,009,英冠,斯托克城,诺维奇,1-0,3.20,3.48,1.89,1.71,3.65,3.70,3.28,3.42,2.13
2026-09-01,010,意大利杯,意甲都灵,蒙扎意甲,0-1,1.58,3.40,4.95,3.22,3.00,2.06,1.91,3.43,4.07
2026-09-02,001,日联杯,J2联八户南源,枥木Uva FCJ2联,0-2,2.52,3.13,2.42,1.43,4.00,5.55,2.61,3.24,2.50
2026-09-02,002,J联赛,大阪樱花,柏太阳神,2-0,3.12,3.35,1.96,1.65,3.75,3.90,3.28,3.54,2.06
2026-09-02,003,J联赛,水户蜀葵,鹿岛鹿角,4-2,4.75,3.60,1.56,2.09,3.35,2.84,4.72,3.65,1.70
2026-09-02,004,J联赛,町田泽维亚,川崎前锋,2-1,1.84,3.40,3.43,3.48,3.65,1.76,2.00,3.49,3.49
2026-09-02,005,意大利杯,意甲萨索洛,弗洛西诺内意甲,1-1,1.74,3.50,3.72,3.43,3.40,1.84,1.90,3.71,3.67
2026-09-02,006,意大利杯,意甲乌迪内斯,威尼斯意甲,2-1,1.70,3.45,4.00,3.25,3.45,1.88,1.76,3.64,4.52
2026-09-02,007,英冠,米尔沃尔,雷克斯汉姆,0-3,2.15,3.19,2.85,4.60,3.95,1.52,2.27,3.24,3.15
2026-09-02,008,英冠,西布朗,查尔顿,1-1,1.55,3.55,4.95,2.96,3.15,2.11,1.65,3.80,5.07
2026-09-02,009,英冠,女王巡游,加的夫城,2-1,1.73,3.60,3.65,3.30,3.55,1.84,1.96,3.81,3.41
2026-09-02,011,英冠,伯恩利,米堡,1-1,2.73,3.35,2.15,1.52,4.15,4.35,3.10,3.63,2.13
2026-09-02,012,巴西甲,弗拉门戈,迈拉索尔,2-0,1.10,6.50,15.00,1.43,4.38,4.95,1.25,5.75,11.38
2026-09-02,013,巴西杯,巴甲桑托斯,帕尔梅拉斯巴甲,0-0,2.50,3.18,2.41,1.42,4.00,5.70,2.48,3.22,2.73
2026-09-03,001,沙特联,迈季宽广,拉斯永恒,2-2,3.10,3.00,2.11,1.56,3.80,4.45,3.24,3.33,2.12
2026-09-03,002,沙特联,新未来城,赛哈海湾,3-0,1.50,3.90,4.85,2.72,3.28,2.19,1.65,3.70,4.87
2026-09-03,003,瑞典超,米亚尔比,佐加顿斯,0-2,4.58,4.02,1.51,2.21,3.80,2.42,4.35,3.93,1.77
2026-09-03,004,沙特联,迪里耶,胡巴卡德,0-2,6.05,5.00,1.31,2.88,3.95,1.89,5.28,4.63,1.48
2026-09-03,005,法甲,图卢兹,里尔,0-1,3.92,3.50,1.70,1.89,3.40,3.27,3.77,3.45,2.00
2026-09-03,006,西甲,皇家社会,塞尔塔,0-0,1.65,3.58,4.10,3.20,3.35,1.93,1.79,3.71,4.47
2026-09-03,007,巴西杯,巴甲格雷米奥,巴西国际巴甲,3-1,2.50,2.60,2.90,6.50,3.90,1.39,2.83,2.89,2.64
2026-09-04,001,德乙,汉诺威,卡尔斯鲁厄,2-2,1.35,4.70,5.70,2.12,3.65,2.61,1.49,4.69,5.34
2026-09-04,002,法甲,里昂,欧塞尔,3-1,1.26,4.85,7.75,1.86,3.85,3.02,1.40,4.97,7.12
2026-09-04,003,挪超,腓特烈斯塔,博德闪耀,1-2,8.80,5.70,1.19,1.93,4.10,2.72,8.25,5.63,1.29
2026-09-04,004,沙特联,利雅青年,利雅新月,0-2,8.50,6.35,1.17,3.80,4.45,1.56,7.67,5.53,1.30
2026-09-04,005,法乙,格勒诺布尔,阿纳西,1-2,3.32,2.72,2.17,1.51,3.65,5.20,3.35,3.02,2.24
2026-09-04,006,荷甲,鹿特丹,兹沃勒,2-2,1.72,3.70,3.60,3.30,3.55,1.84,1.99,3.65,3.44
2026-09-04,007,荷乙,埃门,福伦丹,5-3,2.13,3.60,2.62,4.20,4.20,1.53,2.38,3.76,2.51
2026-09-04,008,德甲,斯图加特,科隆,4-1,1.35,4.75,5.60,1.97,3.97,2.70,1.44,5.12,6.02
2026-09-04,009,意甲,热那亚,科莫,1-4,5.05,3.50,1.55,2.11,3.00,3.10,5.52,3.60,1.68
2026-09-04,010,英超,伊普斯,利物浦,0-2,5.30,4.65,1.38,2.58,4.00,2.04,5.03,4.42,1.60
2026-09-04,011,西甲,贝蒂斯,皇马,1-0,6.10,5.15,1.30,2.93,4.05,1.85,6.04,5.05,1.45
2026-09-04,012,法甲,巴黎圣曼,摩纳哥,1-2,1.21,5.45,8.40,1.65,4.30,3.45,1.32,5.77,7.91
2026-09-04,014,美职,纽约城,纳什维尔,0-0,2.76,3.10,2.25,6.05,4.70,1.33,3.01,3.47,2.22
2026-09-05,001,J联赛,福冈黄蜂,水户蜀葵,1-1,1.84,3.30,3.55,3.82,3.50,1.72,2.01,3.26,3.67
2026-09-05,002,J2联赛,山形山神,甲府风林,1-2,1.77,3.40,3.70,3.30,3.75,1.79,1.92,3.30,3.76
2026-09-05,003,K联赛,济州联,蔚山现代,0-0,3.15,3.42,1.93,1.65,3.55,4.13,3.09,3.45,2.13
2026-09-05,004,英超,纽卡斯尔,伯恩茅斯,2-2,1.97,3.60,2.91,3.78,4.05,1.62,2.12,3.64,3.25
2026-09-05,005,英冠,林肯城,南安普敦,1-1,4.05,3.77,1.62,2.00,3.68,2.80,4.07,3.87,1.78
2026-09-05,006,意甲,佛罗伦萨,都灵,1-2,1.88,3.15,3.57,3.85,3.60,1.69,2.07,3.28,3.75
2026-09-05,007,德甲,门兴,艾禾斯堡,3-4,1.72,3.75,3.55,3.05,3.85,1.85,1.90,3.92,3.61
2026-09-05,008,德甲,不来梅,莱比锡,3-1,3.95,4.05,1.59,2.03,4.05,2.57,3.90,4.11,1.80
2026-09-05,009,德甲,帕德博恩,弗赖堡,0-1,3.60,3.70,1.72,1.86,3.95,2.95,3.64,3.77,1.93
2026-09-05,010,德甲,霍芬海姆,多特蒙德,2-3,2.29,3.75,2.35,1.45,4.60,4.50,2.50,3.80,2.56
2026-09-05,011,德甲,勒沃库森,柏林联合,4-0,1.21,5.55,8.15,1.70,4.05,3.40,1.35,5.46,7.47
2026-09-05,012,英超,诺丁汉森林,热刺,0-0,2.42,3.30,2.42,5.25,4.40,1.41,2.64,3.35,2.65
2026-09-05,014,英超,布伦特,桑德兰,1-1,1.50,3.75,5.10,2.64,3.40,2.19,1.69,3.83,4.95
2026-09-05,015,英超,富勒姆,水晶宫,2-3,1.97,3.30,3.15,4.15,3.70,1.62,2.16,3.36,3.41
2026-09-05,016,西甲,毕尔巴鄂,马竞,3-0,2.71,3.30,2.19,1.50,3.85,4.95,2.78,3.30,2.55
2026-09-05,017,法甲,朗斯,洛里昂,0-1,1.36,4.30,6.20,2.16,3.60,2.58,1.52,4.37,5.87
2026-09-05,018,意甲,国际米兰,那不勒斯,3-2,1.49,3.65,5.45,2.72,3.20,2.23,1.64,3.83,5.43
2026-09-05,019,挪超,布兰,利勒斯特,1-2,1.55,3.90,4.40,2.82,3.30,2.12,1.78,3.98,3.83
2026-09-05,020,英超,赫尔城,维拉,0-0,4.05,3.55,1.67,1.91,3.40,3.22,4.02,3.63,1.89
2026-09-05,022,西甲,巴列卡诺,桑坦德竞技,3-2,1.81,3.45,3.50,3.60,3.58,1.75,1.97,3.63,3.69
2026-09-05,023,葡超,马里迪莫,本菲卡,0-3,15.00,6.60,1.10,2.25,3.90,2.34,13.22,6.89,1.18
2026-09-05,024,沙特联,吉达联合,利雅得胜利,2-1,5.40,4.92,1.35,2.64,3.85,2.04,5.48,4.84,1.44
2026-09-05,025,荷甲,阿贾克斯,埃因霍温,1-3,2.50,3.80,2.15,1.53,4.50,3.95,2.55,3.84,2.41
2026-09-05,026,意甲,罗马,亚特兰大,2-1,1.51,3.90,4.75,2.70,3.35,2.17,1.67,3.87,5.10
2026-09-05,027,法甲,勒阿弗尔,布雷斯特,1-2,2.64,2.85,2.50,5.95,4.55,1.35,2.81,3.21,2.54
2026-09-05,028,西甲,比利亚雷,拉科,2-3,1.31,4.60,6.75,2.03,3.60,2.79,1.45,4.69,6.65
2026-09-05,029,巴西甲,布拉干蒂诺,巴伊亚,2-3,1.92,3.20,3.38,3.95,3.52,1.69,1.92,3.60,3.71
2026-09-06,001,J联赛,鹿岛鹿角,浦和红钻,0-1,1.57,3.80,4.38,3.02,3.22,2.05,1.76,3.73,4.16
2026-09-06,002,J联赛,名古屋鲸,町田泽维亚,1-3,3.05,3.35,1.99,1.62,3.70,4.15,3.04,3.39,2.21
2026-09-06,003,K联赛,安养FC,江原FC,0-3,2.81,2.92,2.32,1.46,3.95,5.22,3.02,3.12,2.32
2026-09-06,004,K联赛,金泉尚武,光州FC,2-2,1.40,3.95,6.16,2.50,3.11,2.45,1.50,4.12,5.66
2026-09-06,005,J联赛,东京FC,京都不死鸟,2-0,1.39,4.40,5.47,2.37,3.25,2.50,1.49,4.31,5.88
2026-09-06,006,英冠,伯明翰,狼队,2-2,2.93,3.10,2.15,1.52,3.93,4.60,2.85,3.34,2.39
2026-09-06,007,荷甲,海伦芬,阿尔克马,2-3,3.55,3.90,1.69,1.90,4.15,2.76,3.68,4.00,1.83
2026-09-06,008,英超,埃弗顿,曼联,2-2,3.57,3.60,1.75,1.81,3.50,3.43,3.66,3.79,1.94
2026-09-06,009,意甲,弗洛西诺内,威尼斯,3-2,2.18,3.50,2.60,1.36,4.50,5.80,2.41,3.50,2.81
2026-09-06,010,意甲,帕尔马,蒙扎,1-1,2.57,2.70,2.70,6.20,4.10,1.38,2.80,2.91,2.81
2026-09-06,011,法甲,特鲁瓦,斯特拉斯,2-6,2.80,3.15,2.20,1.50,4.05,4.65,2.80,3.40,2.46
2026-09-06,012,德甲,汉堡,美因茨,0-5,2.70,3.08,2.30,1.46,4.10,5.00,2.85,3.43,2.41
2026-09-06,013,西甲,巴伦西亚,巴萨,0-5,10.75,6.60,1.13,2.23,4.15,2.28,10.34,6.39,1.25
2026-09-06,014,葡超,圣克拉拉,里奥阿维,4-0,1.75,3.10,4.25,3.95,3.10,1.81,1.95,3.16,4.17
2026-09-06,015,挪超,莫尔德,KFUM奥斯陆,2-0,1.18,6.10,8.45,1.57,4.45,3.75,1.28,5.72,8.36
2026-09-06,016,英超,阿森纳,切尔西,2-1,1.57,3.75,4.45,2.98,3.15,2.10,1.71,3.87,4.79
2026-09-06,017,德甲,法兰克福,奥格斯堡,1-4,1.64,3.90,3.80,3.08,3.42,1.95,1.85,4.08,3.70
2026-09-06,018,意甲,博洛尼亚,萨索洛,2-2,1.76,3.30,3.87,3.75,3.25,1.80,1.93,3.53,3.95
2026-09-06,019,西甲,阿拉维斯,奥萨苏纳,5-2,2.12,2.82,3.30,4.75,3.60,1.56,2.23,3.08,3.56
2026-09-06,020,西甲,马拉加,莱万特,0-0,2.28,3.15,2.68,5.10,4.02,1.46,2.43,3.30,2.94
2026-09-06,021,意甲,尤文,AC米兰,1-1,2.04,2.85,3.48,4.70,3.40,1.61,2.21,3.11,3.59
2026-09-06,022,法甲,马赛,巴黎FC,2-3,1.67,3.60,3.95,2.94,3.65,1.94,1.89,3.74,3.85
2026-09-06,023,西甲,西班牙人,塞维利亚,1-1,2.10,2.92,3.22,4.75,3.65,1.55,2.33,3.17,3.23
2026-09-06,024,巴西甲,博塔弗戈,帕尔梅拉斯,0-0,3.48,3.35,1.84,1.72,3.30,4.10,3.23,3.46,2.12
2026-09-07,001,意甲,卡利亚里,莱切,1-0,1.88,2.93,3.90,4.45,3.20,1.69,2.22,3.03,3.64
2026-09-07,002,西甲,赫塔费,塞尔塔,1-1,2.33,2.58,3.20,5.90,3.70,1.45,2.73,2.70,3.14
2026-09-07,003,瑞典超,马尔默,索尔纳,0-0,1.64,3.88,3.82,2.89,3.70,1.95,1.70,3.95,4.29
2026-09-07,004,瑞典超,卡尔马,佐加顿斯,0-1,4.90,4.25,1.45,2.30,3.65,2.38,4.83,3.98,1.62
2026-09-07,005,沙特联,利雅新月,新未来城,0-2,1.10,6.75,14.00,2.22,3.95,2.35,1.17,6.55,13.81
2026-09-07,006,意甲,乌迪内斯,拉齐奥,1-2,2.67,2.70,2.60,1.36,4.10,6.65,2.80,3.06,2.70
2026-09-07,007,葡超,埃斯托里,阿罗卡,0-0,2.35,3.25,2.53,5.40,4.10,1.43,2.44,3.36,2.76
2026-09-07,008,西甲,埃尔切,皇家社会,2-3,3.40,3.27,1.89,1.68,3.55,3.96,3.13,3.41,2.27
2026-09-07,009,巴西甲,维多利亚,格雷米奥,1-0,2.06,2.95,3.28,4.50,3.65,1.58,2.13,3.24,3.42
2026-09-08,001,K联赛,蔚山现代,首尔FC,1-0,3.02,3.45,1.97,1.64,3.85,3.85,3.15,3.52,2.08
2026-09-08,002,欧冠,希超雅典AEK,林茨奥甲,1-0,1.53,4.06,4.35,2.57,3.70,2.13,1.73,4.03,4.44
2026-09-08,003,欧冠,比甲布鲁日,维拉英超,2-3,2.36,3.35,2.46,1.40,4.40,5.35,2.50,3.54,2.70
2026-09-08,004,荷甲,奈梅亨,SBV精英,2-2,1.51,4.20,4.38,2.40,3.90,2.19,1.90,3.78,3.73
2026-09-08,005,沙特联,胡巴卡德,吉达国民,3-2,1.90,3.60,3.08,3.47,4.00,1.69,1.95,3.62,3.43
2026-09-08,006,英冠,南安普敦,斯旺西,3-1,1.64,3.65,4.08,3.04,3.45,1.96,1.83,3.72,3.99
2026-09-08,007,英联杯,英超桑德兰,赫尔城英超,1-0,1.58,3.55,4.65,3.06,3.18,2.05,1.70,3.69,4.70
2026-09-08,008,欧冠,西甲皇马,国际米兰意甲,2-1,1.40,4.50,5.18,2.21,3.58,2.52,1.58,4.49,5.16
2026-09-08,009,欧冠,德甲多特蒙德,比利亚雷西甲,3-2,1.61,3.95,3.92,2.65,3.85,2.03,1.72,4.05,4.46
2026-09-08,010,欧冠,法甲里尔,贝蒂斯西甲,2-3,1.94,3.13,3.40,4.00,3.52,1.68,2.11,3.49,3.43
2026-09-08,011,欧冠,葡超波尔图,曼城英超,0-2,4.99,4.10,1.46,2.28,3.60,2.42,5.11,4.02,1.65
2026-09-08,012,解放者杯,巴甲弗鲁米嫩塞,普拉腾斯阿甲,2-0,1.50,3.20,6.70,2.80,3.15,2.20,1.58,3.42,6.93
2026-09-09,001,K联赛,江原FC,全北现代,1-1,2.92,2.90,2.26,1.48,3.85,5.15,2.87,3.08,2.44
2026-09-09,002,沙特联,拉斯永恒,利雅青年,2-1,2.56,3.35,2.27,1.48,4.15,4.70,3.14,3.57,2.08
2026-09-09,006,欧冠,葡超里斯本,加拉塔萨雷土超,3-1,1.50,3.96,4.75,2.66,3.35,2.20,1.63,4.30,4.90
2026-09-09,007,欧冠,意甲那不勒斯,阿森纳英超,0-1,5.65,3.80,1.45,2.37,3.15,2.57,5.33,3.81,1.67
2026-09-09,008,欧冠,英超利物浦,马竞西甲,2-1,1.59,3.77,4.25,2.90,3.40,2.04,1.74,3.94,4.49
2026-09-09,010,英冠,查尔顿,女王巡游,0-0,3.22,3.00,2.06,1.59,3.60,4.50,3.18,3.30,2.23
2026-09-09,011,英联杯,英超切尔西,利兹联英超,6-3,1.32,4.60,6.50,2.15,3.35,2.73,1.82,3.77,3.95
2026-09-09,013,解放者杯,巴甲帕尔梅拉斯,基多大学厄甲,1-0,1.21,4.95,10.00,1.82,3.40,3.51,1.31,4.72,10.56
2026-09-09,014,解放者杯,阿甲拉普大学,科林蒂安巴甲,1-1,2.10,2.40,4.22,5.15,3.35,1.57,2.35,2.63,3.79
2026-09-09,015,美职,芝加哥火焰,迈阿密国际,1-1,2.13,4.06,2.42,3.92,4.45,1.54,2.28,4.12,2.57
2026-09-10,001,欧冠,土超费内巴切,罗马意甲,1-1,3.32,3.55,1.83,1.74,3.47,3.75,3.74,3.66,1.96
2026-09-10,002,欧冠,意甲科莫,莱比锡德甲,4-1,1.57,4.00,4.12,2.79,3.54,2.05,1.70,4.17,4.50
2026-09-10,004,欧冠,捷甲布拉格斯拉维亚,朗斯法甲,2-3,2.55,3.15,2.38,1.43,4.20,5.20,2.75,3.55,2.45
2026-09-10,006,葡超,阿马多拉,布拉加,2-1,5.95,4.05,1.40,2.45,2.85,2.70,5.84,3.89,1.56
2026-09-10,007,解放者杯,厄甲德尔瓦耶独立,弗拉门戈巴甲,0-2,3.00,2.60,2.43,7.70,4.60,1.28,3.05,2.95,2.47
2026-09-11,001,J联赛,京都不死鸟,柏太阳神,2-3,3.95,3.70,1.65,1.95,3.46,3.05,4.31,3.84,1.72
2026-09-11,002,沙特联,费萨里,吉达联合,1-3,5.75,4.45,1.37,2.55,3.55,2.20,5.98,4.39,1.46
2026-09-11,003,德乙,纽伦堡,汉诺威,2-1,2.15,3.80,2.49,1.39,4.65,5.15,2.45,3.83,2.49
2026-09-11,004,瑞典超,赫根,米亚尔比,1-1,1.38,4.50,5.50,2.26,3.45,2.52,1.48,4.46,5.72
2026-09-11,006,荷乙,马斯特里,阿尔梅勒,0-4,2.85,3.65,1.98,1.65,4.02,3.65,2.83,3.59,2.21
2026-09-11,007,德甲,柏林联合,沙尔克,1-3,2.15,3.25,2.81,4.30,4.12,1.53,2.33,3.42,2.99
2026-09-11,008,意甲,威尼斯,佛罗伦萨,2-4,2.69,3.10,2.30,1.47,4.00,5.02,2.77,3.40,2.50
2026-09-11,009,法甲,雷恩,马赛,1-0,1.87,3.65,3.12,3.60,3.80,1.70,2.01,3.83,3.39
2026-09-11,010,英冠,西汉姆,雷克斯汉姆,6-0,1.38,4.35,5.75,2.22,3.60,2.50,1.49,4.39,5.95
2026-09-11,011,西甲,塞维利亚,巴伦西亚,1-0,1.79,3.18,3.90,3.88,3.23,1.78,1.82,3.46,4.70
2026-09-11,012,巴西甲,科里蒂巴,巴拉纳竞技,3-3,3.15,2.85,2.17,1.54,3.60,4.95,3.03,3.07,2.42
2026-09-12,001,K联赛,蔚山现代,仁川联,2-1,1.93,3.20,3.35,4.15,3.55,1.65,2.16,3.28,3.17
2026-09-12,002,K联赛,全北现代,首尔FC,1-2,3.05,3.15,2.07,1.57,3.80,4.40,3.11,3.30,2.18
2026-09-12,003,J联赛,广岛三箭,大阪樱花,6-1,1.51,4.00,4.60,2.66,3.40,2.18,1.64,4.07,4.58
2026-09-12,004,J联赛,大阪钢巴,东京FC,0-2,3.47,3.50,1.80,1.76,3.55,3.58,3.74,3.69,1.86
2026-09-12,005,西甲,桑坦德竞技,阿拉维斯,2-1,2.54,3.35,2.29,5.65,4.50,1.37,2.61,3.45,2.61
2026-09-12,006,意甲,热那亚,弗洛西诺内,1-1,2.15,3.23,2.82,4.45,4.05,1.52,2.27,3.32,3.18
2026-09-12,007,德甲,弗赖堡,门兴,5-0,1.52,4.08,4.42,2.46,3.78,2.18,1.68,4.16,4.51
2026-09-12,008,德甲,美因茨,法兰克福,1-3,1.59,4.10,3.90,2.81,3.60,2.02,1.76,4.05,4.12
2026-09-12,009,德甲,多特蒙德,帕德博恩,3-0,1.14,6.55,10.00,2.33,4.15,2.18,1.26,6.36,9.65
2026-09-12,010,德甲,奥格斯堡,勒沃库森,2-2,3.35,3.95,1.73,1.83,4.00,3.00,3.64,4.04,1.87
2026-09-12,011,德甲,霍芬海姆,斯图加特,2-1,2.03,3.75,2.70,3.82,4.20,1.59,2.21,3.94,2.85
2026-09-12,012,英超,切尔西,赫尔城,2-2,1.10,6.85,13.50,2.25,4.10,2.27,1.21,6.76,12.28
2026-09-12,013,英超,伯恩茅斯,布伦特,2-2,2.19,3.42,2.63,4.60,4.10,1.50,2.32,3.57,2.92
2026-09-12,014,英超,维拉,诺丁汉森林,1-2,2.02,3.15,3.16,4.35,3.70,1.59,2.23,3.39,3.21
2026-09-12,015,英超,水晶宫,伊普斯,2-3,1.89,3.30,3.36,3.90,3.60,1.68,2.09,3.62,3.35
2026-09-12,016,英超,利物浦,富勒姆,0-0,1.37,4.50,5.70,2.06,3.85,2.60,1.50,4.61,5.82
2026-09-12,017,西甲,奥萨苏纳,西班牙人,0-2,2.12,2.78,3.35,4.95,3.55,1.55,2.23,3.17,3.41
2026-09-12,018,法甲,斯特拉斯,摩纳哥,1-1,2.92,3.45,2.01,1.62,3.85,3.96,3.03,3.65,2.20
2026-09-12,019,沙特联,布赖合作,利雅新月,0-6,9.40,5.95,1.17,1.98,4.05,2.65,8.68,5.53,1.27
2026-09-12,020,意甲,拉齐奥,AC米兰,2-2,3.65,2.92,1.95,1.65,3.35,4.45,3.78,3.18,2.10
2026-09-12,021,挪超,罗森博格,特罗姆瑟,5-3,1.48,4.10,4.76,2.55,3.45,2.24,1.64,3.96,4.81
2026-09-12,022,英超,热刺,埃弗顿,0-0,1.82,3.40,3.50,3.55,3.66,1.74,2.00,3.63,3.60
2026-09-12,023,德甲,科隆,不来梅,1-1,1.85,3.60,3.21,3.47,3.80,1.73,2.06,3.75,3.27
2026-09-12,024,西甲,毕尔巴鄂,埃尔切,1-1,1.25,4.90,8.00,1.86,3.70,3.12,1.39,4.89,7.63
2026-09-12,025,葡超,卡萨皮亚,波尔图,1-4,15.00,6.50,1.10,2.24,3.75,2.40,13.99,6.77,1.18
2026-09-12,026,荷甲,福图纳,阿贾克斯,1-5,6.60,5.10,1.28,2.95,4.10,1.83,6.54,5.13,1.39
2026-09-12,027,意甲,亚特兰大,卡利亚里,1-2,1.50,3.75,5.10,2.75,3.21,2.20,1.68,3.80,5.12
2026-09-12,028,法甲,巴黎FC,里昂,0-0,2.51,3.15,2.42,1.41,4.45,5.15,2.49,3.57,2.66
2026-09-12,029,英超,桑德兰,阿森纳,0-2,6.50,4.00,1.38,2.50,3.45,2.28,6.10,3.79,1.60
2026-09-13,001,J联赛,东京绿茵,千叶市原,1-1,2.17,2.90,3.10,5.00,3.75,1.51,2.24,3.16,3.21
2026-09-13,002,J2联赛,仙台七夕,札幌冈萨多,1-1,1.41,4.00,5.90,2.44,3.45,2.33,1.55,3.95,5.31
2026-09-13,003,西甲,塞尔塔,马拉加,1-1,1.55,3.55,4.95,2.96,3.15,2.11,1.69,3.65,5.25
2026-09-13,005,芬超,库普斯,赫尔辛,0-0,2.08,3.30,2.90,4.25,3.90,1.57,2.29,3.38,2.86
2026-09-13,006,荷甲,海伦芬,特尔斯达,0-0,1.45,4.40,4.70,2.24,3.94,2.33,1.59,4.42,4.72
2026-09-13,007,意甲,莱切,蒙扎,3-2,2.70,2.73,2.55,6.75,4.15,1.35,2.82,3.01,2.70
2026-09-13,008,法甲,里尔,特鲁瓦,2-0,1.34,4.45,6.30,2.07,3.68,2.67,1.47,4.62,6.23
2026-09-13,009,德甲,莱比锡,汉堡,5-0,1.26,5.40,6.65,1.79,4.15,3.03,1.37,5.42,6.92
2026-09-13,011,挪超,汉坎,莫尔德,1-5,4.45,4.45,1.47,2.27,3.75,2.37,4.38,4.22,1.65
2026-09-13,012,法甲,勒芒,朗斯,2-2,5.15,4.15,1.44,2.33,3.25,2.55,4.86,4.25,1.62
2026-09-13,013,英超,曼联,曼城,0-1,2.93,3.70,1.93,1.66,3.80,3.80,2.99,3.75,2.21
2026-09-13,015,意甲,那不勒斯,博洛尼亚,1-0,1.69,3.40,4.10,3.40,3.21,1.91,1.82,3.57,4.43
2026-09-13,016,西甲,赫塔费,拉科,1-1,2.50,2.56,2.95,6.50,3.90,1.39,2.56,2.90,3.12
2026-09-13,019,意甲,萨索洛,尤文,3-2,5.20,3.96,1.46,2.31,3.10,2.68,5.23,3.81,1.66
2026-09-13,020,法甲,布雷斯特,巴黎圣曼,0-1,11.00,6.50,1.13,2.24,4.25,2.24,11.10,6.91,1.22
2026-09-13,021,西甲,皇家社会,马竞,0-3,3.12,3.35,1.96,1.65,3.65,4.02,3.35,3.55,2.11
2026-09-13,022,葡超,法马利康,里斯本,1-1,6.70,4.50,1.32,2.74,3.50,2.09,5.98,4.13,1.51
2026-09-13,023,巴西甲,弗拉门戈,科林蒂安,2-1,1.14,5.45,14.50,1.59,3.85,4.15,1.24,5.67,12.26
2026-09-13,024,美职,芝加哥火焰,新英格兰革命,1-2,1.84,3.50,3.33,3.32,4.00,1.73,1.95,3.83,3.34
2026-09-14,002,芬超,国际图尔库,瓦萨,1-0,1.45,3.60,6.20,2.91,2.85,2.30,1.59,3.74,5.46
2026-09-14,003,意甲,科莫,帕尔马,2-1,1.12,6.10,14.00,2.60,3.70,2.11,1.21,6.41,13.50
2026-09-14,004,意甲,都灵,罗马,0-2,5.60,4.05,1.42,2.45,3.12,2.50,6.17,4.19,1.53
2026-09-14,005,瑞典超,佐加顿斯,哥德堡盖斯,2-0,1.35,4.45,6.10,2.07,3.78,2.62,1.45,4.46,6.27
2026-09-14,008,意甲,国际米兰,乌迪内斯,5-3,1.11,6.75,12.50,2.45,3.50,2.30,1.20,6.93,13.34
2026-09-14,009,法乙,圣旺红星,梅斯,1-0,2.40,2.80,2.81,5.26,4.25,1.42,2.37,3.26,2.86
2026-09-14,010,英超,利兹联,纽卡斯尔,4-1,2.13,3.12,2.95,4.50,3.95,1.53,2.34,3.46,2.97
2026-09-14,011,西甲,比利亚雷,贝蒂斯,1-2,1.88,3.62,3.12,3.52,3.95,1.69,1.95,3.94,3.49
2026-09-14,012,葡超,布拉加,埃斯托里,1-0,1.24,4.90,8.40,1.93,3.40,3.15,1.38,4.61,7.84
2026-09-15,001,亚冠,泰超叻武里,上海海港中超,4-6,2.62,3.25,2.28,1.46,4.20,4.85,2.59,3.45,2.46
2026-09-15,002,亚冠,K联大田市民,京都不死鸟J联,1-0,1.59,3.85,4.15,3.00,3.25,2.05,1.72,3.82,4.23
2026-09-15,003,亚运男足,卡塔尔U23,韩国U23,1-4,18.00,7.20,1.07,2.70,3.80,2.02,15.04,7.36,1.12
2026-09-15,004,亚冠,马超柔佛,布里兰泰超,1-1,1.32,4.55,6.60,2.16,3.30,2.75,1.44,4.44,6.19
2026-09-15,005,亚冠,中超北京国安,浦项制铁K联,3-1,1.44,4.12,5.20,2.37,3.45,2.40,1.50,4.24,5.56
2026-09-15,006,亚冠,阿超艾因,利雅得胜利沙联,4-0,3.75,3.90,1.65,1.94,3.75,2.88,3.44,3.78,1.90
2026-09-15,007,西甲,巴列卡诺,西班牙人,2-1,2.22,3.05,2.85,4.88,3.95,1.49,2.26,3.25,3.31
2026-09-15,008,西甲,阿拉维斯,巴伦西亚,0-1,1.56,3.40,5.15,2.95,3.20,2.10,1.72,3.53,5.29
2026-09-15,010,英冠,米堡,米尔沃尔,2-2,1.33,4.60,6.25,2.07,3.55,2.75,1.41,4.79,6.69
2026-09-15,011,英联杯,英超利物浦,热刺英超,3-1,1.65,3.75,3.90,2.82,3.70,1.98,1.98,3.75,3.45
2026-09-15,012,英联杯,英超伊普斯,阿森纳英超,2-4,10.00,5.75,1.17,3.90,4.05,1.60,7.54,5.08,1.36
2026-09-15,014,解放者杯,阿甲普拉腾斯,弗鲁米嫩塞巴甲,2-1,2.63,2.55,2.80,6.75,4.15,1.35,2.91,2.83,2.67
2026-09-16,001,亚运男足,中国亚运,朝鲜亚运,2-1,2.03,2.97,3.33,4.20,3.75,1.60,2.32,2.96,2.97
2026-09-16,002,亚冠,K联全北现代,柏太阳神J联,2-1,2.95,3.25,2.07,1.56,3.85,4.40,2.98,3.30,2.26
2026-09-16,004,欧联,塞甲奥莫尼亚,塞尔塔西甲,1-0,4.50,3.65,1.58,2.05,3.22,3.02,4.46,3.38,1.86
2026-09-16,005,西甲,拉科,塞维利亚,0-1,2.60,2.84,2.55,1.39,4.15,5.90,2.69,3.07,2.79
2026-09-16,006,西甲,马竞,奥萨苏纳,4-0,1.25,4.70,8.60,1.87,3.55,3.20,1.32,5.28,9.52
2026-09-16,007,欧联,意甲AC米兰,本菲卡葡超,0-2,2.04,3.34,2.95,4.35,3.75,1.58,2.24,3.53,3.06
2026-09-16,009,欧联,英超桑德兰,阿尔克马荷甲,1-0,1.37,4.35,5.90,2.18,3.50,2.60,1.49,4.31,6.43
2026-09-16,010,欧联,奥甲格拉茨风暴,雷恩法甲,0-0,4.05,4.00,1.58,2.04,3.40,2.90,4.30,3.99,1.74
2026-09-16,011,欧联,比甲安德莱赫特,里昂法甲,1-2,3.00,3.35,2.01,1.60,3.85,4.10,2.90,3.51,2.34
2026-09-16,012,英联杯,英超考文垂,维拉英超,1-3,3.12,3.70,1.86,1.71,3.70,3.65,3.31,3.62,2.05
2026-09-16,015,解放者杯,厄甲基多大学,帕尔梅拉斯巴甲,3-2,2.43,2.77,2.80,6.35,3.80,1.41,2.52,2.99,2.92
2026-09-16,016,巴西甲,博塔弗戈,格雷米奥,3-2,1.53,3.80,4.70,2.97,3.05,2.15,1.72,3.77,4.47
2026-09-16,017,解放者杯,巴甲科林蒂安,拉普大学阿甲,0-1,1.91,2.56,4.65,4.75,3.10,1.68,2.09,2.79,4.29
2026-09-17,002,亚冠乙,中超上海申花,淡滨尼流浪新联,2-1,1.33,5.10,5.50,3.36,4.35,1.66,1.33,5.02,6.75
2026-09-17,003,欧联,希超克里特,霍芬海姆德甲,2-0,8.80,5.70,1.19,3.56,4.00,1.67,8.68,5.76,1.30
2026-09-17,004,西甲,贝蒂斯,赫塔费,1-0,1.39,3.85,6.65,2.49,3.05,2.50,1.51,4.05,6.90
2026-09-17,005,欧联,英超水晶宫,波兹南波甲,4-0,1.22,5.45,7.90,1.71,4.10,3.32,1.41,5.00,6.66
2026-09-17,006,欧联,西甲皇家社会,伯恩茅斯英超,1-2,2.90,3.24,2.10,1.55,3.90,4.40,3.32,3.60,2.09
2026-09-17,007,欧联,意甲尤文,奈梅亨荷甲,5-0,1.08,7.30,15.00,2.09,3.60,2.68,1.19,7.13,13.02
2026-09-17,008,欧联,土超贝西克塔斯,马赛法甲,4-1,1.64,3.80,3.90,3.06,3.45,1.95,1.71,4.13,4.36
2026-09-17,009,欧联,挪超利勒斯特,杜连斯葡甲,1-2,1.45,4.15,5.05,2.34,3.75,2.30,1.73,3.85,4.53
2026-09-17,010,西甲,马拉加,比利亚雷,1-3,3.70,3.65,1.71,1.86,3.60,3.20,3.44,3.57,2.07
2026-09-17,011,解放者杯,巴甲弗拉门戈,德尔瓦耶独立厄甲,1-1,1.19,5.30,10.00,1.68,3.90,3.60,1.25,5.79,10.15
2026-09-18,001,亚运男足,沙特U23,卡塔尔U23,2-0,1.40,4.02,6.00,2.37,3.30,2.47,1.48,3.98,5.64
2026-09-18,002,芬超,赫尔火花,赫尔辛,1-1,3.80,3.80,1.67,1.91,3.65,3.01,3.99,3.90,1.75
2026-09-18,003,德乙,沃尔夫斯堡,达姆施塔特,5-1,1.32,4.85,6.05,1.97,3.87,2.75,1.49,4.57,5.44
2026-09-18,004,挪超,萨普斯,KFUM奥斯陆,1-3,1.39,4.35,5.55,2.35,3.35,2.47,1.56,4.12,5.24
2026-09-18,005,法乙,兰斯,蒙彼利埃,1-1,1.85,3.20,3.63,3.76,3.50,1.73,2.21,3.25,3.16
2026-09-18,006,荷甲,格罗宁根,兹沃勒,3-0,1.37,4.55,5.55,2.14,3.65,2.58,1.54,4.47,5.22
2026-09-18,007,荷乙,登博思,海尔蒙特,2-1,1.64,4.25,3.52,2.78,3.90,1.95,1.69,4.20,3.93
2026-09-18,009,意甲,蒙扎,萨索洛,2-1,2.67,3.22,2.25,1.48,3.95,5.00,2.82,3.33,2.50
2026-09-18,010,法甲,摩纳哥,朗斯,2-1,1.76,3.70,3.45,3.28,3.65,1.82,1.84,3.87,3.94
2026-09-18,011,英超,布伦特,切尔西,3-0,2.50,3.48,2.26,1.49,4.00,4.80,2.58,3.63,2.58
2026-09-18,012,英冠,布里斯托,沃特福德,1-0,1.58,3.52,4.70,3.00,3.20,2.07,1.73,3.84,4.35
2026-09-18,013,西甲,西班牙人,埃尔切,1-3,1.58,3.65,4.50,3.11,3.15,2.04,1.78,3.69,4.52
2026-09-18,014,美职,纽约城,纽约红牛,0-1,1.68,3.85,3.65,2.96,3.70,1.92,1.84,3.84,3.74
2026-09-19,001,J联赛,长崎航海,大阪樱花,1-1,2.68,3.40,2.17,1.51,4.00,4.60,3.00,3.40,2.23
2026-09-19,002,J2联赛,藤枝MYFC,大宫松鼠,1-1,3.10,3.36,1.97,1.63,3.75,4.02,3.01,3.47,2.14
2026-09-19,003,K联赛,安养FC,蔚山现代,2-1,3.95,3.70,1.65,1.93,3.30,3.25,3.78,3.77,1.81
2026-09-19,004,J联赛,横滨水手,水户蜀葵,2-0,1.92,3.18,3.40,4.10,3.50,1.67,2.07,3.35,3.40
2026-09-19,005,英超,热刺,维拉,2-3,1.73,3.60,3.65,3.35,3.50,1.84,1.90,3.75,3.84
2026-09-19,006,英冠,斯托克城,谢菲联,2-1,2.20,3.15,2.80,4.80,3.95,1.50,2.27,3.24,3.13
2026-09-19,007,西甲,奥萨苏纳,巴列卡诺,1-1,2.48,3.05,2.52,5.90,4.15,1.39,2.67,3.21,2.72
2026-09-19,008,意甲,乌迪内斯,卡利亚里,0-1,2.02,2.90,3.45,4.60,3.55,1.59,2.23,3.15,3.44
2026-09-19,009,意甲,博洛尼亚,都灵,1-1,1.73,3.25,4.10,3.65,3.25,1.83,1.97,3.25,4.17
2026-09-19,010,瑞典超,韦斯特罗斯,马尔默,2-0,3.55,3.62,1.75,1.81,3.60,3.35,3.43,3.65,1.96
2026-09-19,011,德甲,法兰克福,弗赖堡,2-2,2.39,3.58,2.32,5.00,4.45,1.42,2.50,3.71,2.57
2026-09-19,012,德甲,汉堡,科隆,2-1,2.64,3.43,2.18,5.75,4.65,1.35,2.68,3.56,2.47
2026-09-19,013,德甲,门兴,美因茨,3-4,3.02,3.65,1.91,1.69,4.00,3.48,3.19,3.67,2.12
2026-09-19,014,德甲,不来梅,奥格斯堡,3-2,2.18,3.80,2.46,4.32,4.25,1.51,2.26,3.74,2.87
2026-09-19,015,英超,埃弗顿,伊普斯,1-0,1.58,3.72,4.40,2.93,3.30,2.06,1.76,3.82,4.46
2026-09-19,016,英超,纽卡斯尔,赫尔城,2-1,1.46,4.05,5.10,2.47,3.50,2.28,1.60,4.28,5.15
2026-09-19,017,挪超,克里斯蒂安松,罗森博格,1-3,5.05,4.60,1.40,2.48,3.75,2.18,5.12,4.47,1.53
2026-09-19,018,西甲,毕尔巴鄂,阿拉维斯,0-0,1.48,3.80,5.25,2.62,3.20,2.30,1.61,3.85,5.79
2026-09-19,019,法甲,巴黎FC,斯特拉斯,2-1,1.65,3.75,3.90,2.96,3.65,1.93,1.81,3.84,4.09
2026-09-19,020,意甲,罗马,国际米兰,2-2,2.56,3.38,2.26,5.75,4.45,1.37,2.67,3.43,2.57
2026-09-19,021,英超,诺丁汉森林,考文垂,0-1,1.42,4.00,5.70,2.41,3.40,2.38,1.63,3.91,5.37
2026-09-19,022,德甲,斯图加特,多特蒙德,0-1,2.28,3.80,2.34,4.55,4.45,1.46,2.37,3.85,2.67
2026-09-19,023,西甲,塞尔塔,桑坦德竞技,5-0,1.60,3.80,4.15,2.85,3.55,2.02,1.81,3.77,4.23
2026-09-19,025,意甲,威尼斯,拉齐奥,0-2,3.82,3.50,1.72,1.85,3.55,3.25,3.77,3.53,1.97
2026-09-19,026,法甲,昂热,特鲁瓦,2-0,1.84,3.35,3.48,3.75,3.52,1.73,2.08,3.45,3.49
2026-09-19,027,法甲,里昂,雷恩,4-0,1.97,3.55,2.94,3.85,4.00,1.62,2.11,3.71,3.17
2026-09-19,030,巴西甲,迈拉索尔,博塔弗戈,2-0,1.98,3.05,3.37,4.08,3.60,1.65,2.07,3.46,3.34
2026-09-20,001,亚运男足,伊朗U23,中国亚运,0-0,1.85,3.10,3.75,3.70,3.52,1.74,2.06,3.04,3.40
2026-09-20,002,J联赛,町田泽维亚,柏太阳神,2-4,2.10,3.25,2.90,4.60,3.70,1.56,2.37,3.30,2.85
2026-09-20,003,J联赛,大阪钢巴,神户胜利,0-1,3.48,3.40,1.83,1.77,3.35,3.77,3.51,3.41,2.01
2026-09-20,004,K联赛,仁川联,大田市民,1-1,3.07,2.95,2.15,1.53,3.71,4.85,2.93,3.20,2.32
2026-09-20,006,意甲,佛罗伦萨,那不勒斯,1-1,3.10,3.21,2.02,1.61,3.55,4.41,3.18,3.32,2.26
2026-09-20,007,英冠,狼队,西布朗,1-0,1.65,3.50,4.20,3.02,3.45,1.97,1.84,3.56,4.11
2026-09-20,008,西甲,赫塔费,马拉加,1-0,1.78,2.88,4.55,4.20,2.95,1.81,1.91,3.21,4.50
2026-09-20,009,荷甲,特温特,埃因霍温,3-2,2.83,4.10,1.88,1.70,4.45,3.16,2.84,3.98,2.15
2026-09-20,010,英超,利兹联,水晶宫,0-0,1.49,3.88,5.00,2.56,3.50,2.21,1.67,3.94,4.94
2026-09-20,011,英超,伯恩茅斯,利物浦,0-1,2.95,3.63,1.94,1.68,3.90,3.60,3.09,3.67,2.19
2026-09-20,012,英超,曼城,桑德兰,5-3,1.19,5.45,9.50,1.70,3.85,3.55,1.34,5.24,8.69
2026-09-20,013,意甲,帕尔马,热那亚,2-1,3.08,2.60,2.38,1.42,3.80,6.20,3.22,2.94,2.45
2026-09-20,014,意甲,弗洛西诺内,科莫,2-0,6.50,4.85,1.30,2.90,3.70,1.95,6.00,4.90,1.46
2026-09-20,015,德甲,勒沃库森,莱比锡,2-0,1.62,4.45,3.50,2.70,3.95,1.98,1.85,4.30,3.52
2026-09-20,016,西甲,马竞,皇马,2-1,3.32,3.75,1.78,1.80,3.70,3.30,3.51,3.80,1.98
2026-09-20,017,瑞典超,米亚尔比,哥德堡盖斯,0-3,2.50,3.15,2.43,1.42,4.18,5.40,2.70,3.40,2.42
2026-09-20,018,挪超,维京,利勒斯特,3-0,1.17,6.30,8.60,1.58,4.35,3.75,1.29,5.91,7.97
2026-09-20,019,法甲,尼斯,里尔,2-1,3.52,3.55,1.78,1.78,3.45,3.60,3.25,3.50,2.15
2026-09-20,020,英超,富勒姆,曼联,1-1,3.37,3.65,1.79,1.81,3.65,3.30,3.52,3.73,1.99
2026-09-20,021,德甲,沙尔克,艾禾斯堡,0-0,1.84,3.70,3.17,3.43,3.90,1.72,1.88,3.89,3.71
2026-09-20,022,意甲,尤文,亚特兰大,2-0,1.51,3.80,4.90,2.80,3.20,2.18,1.64,3.91,5.27
2026-09-20,023,西甲,比利亚雷,莱万特,3-1,1.34,4.70,5.86,2.06,3.75,2.65,1.54,4.47,5.46
2026-09-20,024,西甲,拉科,贝蒂斯,1-1,3.68,3.62,1.72,1.84,3.30,3.55,3.72,3.67,1.95
2026-09-20,025,德甲,帕德博恩,霍芬海姆,3-1,4.33,4.15,1.52,2.15,3.70,2.54,3.91,4.27,1.76
2026-09-20,026,意甲,AC米兰,莱切,3-0,1.12,6.40,12.50,1.56,3.85,4.37,1.23,6.19,12.61
2026-09-20,027,法甲,马赛,巴黎圣曼,1-2,6.25,5.30,1.28,2.95,4.15,1.82,6.56,5.11,1.41
2026-09-20,028,西甲,巴伦西亚,皇家社会,2-3,2.70,2.92,2.40,1.44,4.05,5.31,2.86,3.32,2.46
2026-09-20,029,葡超,波尔图,本菲卡,3-1,2.70,3.05,2.32,1.46,3.90,5.35,2.77,3.26,2.49
2026-09-20,030,巴西甲,巴拉纳竞技,巴伊亚,2-1,2.04,3.13,3.13,4.25,3.77,1.59,2.33,3.28,2.99
2026-09-22,001,亚运男足,韩国U23,沙特U23,2-0,1.15,5.95,11.00,1.60,3.85,4.10,1.26,5.48,8.59
2026-09-22,002,英锦赛,英甲米尔顿凯恩斯,克劳利英乙,4-1,1.22,5.50,7.80,1.81,3.56,3.38,1.27,5.67,7.83
2026-09-22,003,英锦赛,英甲诺茨郡,格林斯比英乙,2-1,2.38,3.28,2.47,5.05,4.30,1.43,2.41,3.57,2.52
2026-09-22,004,英锦赛,英甲维冈竞技,布莱克浦英甲,3-2,2.85,3.15,2.17,5.82,5.30,1.30,2.61,3.72,2.27
2026-09-23,001,亚运男足,中国亚运,阿联酋U23,0-0,1.92,2.90,3.80,4.05,3.45,1.69,1.98,3.05,3.70
2026-09-23,003,美职,西雅图海湾人,皇家盐湖城,2-0,1.65,3.70,3.95,3.15,3.40,1.93,1.76,3.89,4.10
2026-09-24,001,友谊赛,日本,乌拉圭,3-1,1.56,3.55,4.85,3.17,3.00,2.08,1.70,3.72,4.57
2026-09-24,002,友谊赛,韩国,厄瓜多尔,3-0,2.07,2.88,3.35,4.85,3.55,1.56,2.26,3.22,3.09
2026-09-24,004,欧国联,科索沃,爱尔兰,1-0,2.27,2.80,3.02,5.25,3.73,1.49,2.40,3.06,3.13
2026-09-24,005,欧国联,葡萄牙,威尔士,1-0,1.08,7.00,16.50,2.04,3.95,2.59,1.15,8.08,16.41
2026-09-24,006,欧国联,荷兰,德国,1-1,2.58,3.41,2.23,5.20,4.70,1.38,2.58,3.71,2.50
2026-09-24,007,欧国联,塞尔维亚,希腊,1-2,2.75,2.80,2.45,6.70,4.50,1.32,3.08,3.31,2.32
2026-09-24,008,欧国联,挪威,丹麦,3-2,1.60,3.95,4.00,2.90,3.45,2.02,1.63,4.23,4.83
2026-09-25,001,亚运男足,乌兹别克U23,沙特U23,3-0,1.44,3.60,6.35,2.61,3.15,2.33,1.53,3.71,5.68
2026-09-25,003,友谊赛,澳大利亚,巴西,1-1,13.50,6.15,1.12,4.50,4.23,1.49,10.40,6.08,1.24
2026-09-25,004,亚运男足,韩国U23,越南U23,4-0,1.02,9.65,22.00,1.21,5.80,7.70,1.07,9.55,21.05
2026-09-25,006,欧国联,格鲁吉亚,北爱尔兰,0-1,1.58,3.40,4.93,3.33,2.95,2.04,1.82,3.34,4.65
2026-09-25,007,欧国联,亚美尼亚,拉脱维亚,2-0,1.59,3.45,4.75,3.32,3.00,2.02,1.77,3.42,4.78
2026-09-25,008,欧国联,意大利,比利时,0-2,2.00,3.30,3.06,4.15,3.75,1.61,2.15,3.54,3.23
2026-09-25,009,欧国联,黑山,塞浦路斯,2-1,1.53,3.65,4.95,2.74,3.40,2.13,1.62,3.87,5.18
2026-09-25,010,欧国联,波兰,波黑,0-0,1.37,4.15,6.30,2.38,3.15,2.55,1.52,4.27,5.86
2026-09-25,011,欧国联,土耳其,法国,0-1,8.75,5.50,1.20,3.58,4.30,1.62,7.68,5.51,1.35
2026-09-25,012,欧国联,瑞典,罗马尼亚,2-1,1.28,4.90,6.92,1.92,3.70,2.96,1.44,4.80,6.41
2026-09-25,013,荷乙,多德勒支,阿尔梅勒,3-2,3.32,3.90,1.75,1.83,3.90,3.06,2.90,3.84,2.08
